round,driver,lap,pair,step_obs,baseline,pred_mean,pred_pair,pred_age,pred_state,pred_context,pred_shrink_context,pred_factorized,pred_environment,selected_s,radius_s
4,ALB,26.0,MEDIUM>HARD,1.4959999999999951,0.9663434343434372,0.9663434343434372,0.7718490456782718,0.9595278193163546,0.9033239480138158,0.9285234735781103,0.8866062782384568,0.9011461858332876,0.6880953151304626,0.7718490456782718,
4,ALO,40.0,MEDIUM>SOFT,2.441666666666663,0.9663434343434372,0.9663434343434372,1.2478590899979998,1.8223591571045692,2.004939068691936,2.4359431522966384,1.9484768674555824,2.4417466981286693,1.072760729361212,1.2478590899979998,
4,ANT,25.0,MEDIUM>HARD,0.4696666666666829,0.9663434343434372,0.9663434343434372,0.7718490456782718,0.9349633938785183,0.9111865980842228,0.5998960970831428,0.610238908532041,0.5997763398206316,0.7159191656432433,0.7718490456782718,
4,BEA,25.0,MEDIUM>HARD,1.6683333333333366,0.9663434343434372,0.9663434343434372,0.7718490456782718,0.9349633938785183,0.8835891839054963,0.885388882805683,0.8673909561224024,0.8601553843471511,0.7139926500035966,0.7718490456782718,
4,BOR,31.0,MEDIUM>HARD,1.4006666666666518,0.9663434343434372,0.9663434343434372,0.7718490456782718,1.0935390088164207,1.1008803235280453,1.331195083050686,1.200078643921941,1.2780640365562888,0.6519892025218514,0.7718490456782718,
4,BOT,20.0,SOFT>MEDIUM,0.41766666666666197,0.9663434343434372,,,,,,,,,,
4,BOT,29.0,MEDIUM>MEDIUM,-1.862000000000009,0.9663434343434372,,,,,,,,,,
4,COL,30.0,MEDIUM>HARD,1.213000000000008,0.9663434343434372,0.9663434343434372,0.7718490456782718,1.065244895941623,1.0188660944069896,1.124017503771534,1.0169229046212087,1.0850922584354183,0.6573903920174401,0.7718490456782718,
4,HAM,26.0,MEDIUM>HARD,1.6596666666666522,0.9663434343434372,0.9663434343434372,0.7718490456782718,0.9595278193163546,1.114119700380485,1.064476639600651,1.0030897643650245,1.0351420593284204,0.7209955104585413,0.7718490456782718,
4,LEC,20.0,MEDIUM>HARD,0.15333333333333599,0.9663434343434372,0.9663434343434372,0.7718490456782718,0.8233303290002224,0.7243586605475099,0.4699821120320659,0.574549703577822,0.4712511436310237,0.6848501250065355,0.7718490456782718,
4,LIN,27.0,MEDIUM>HARD,1.7773333333333312,0.9663434343434372,0.9663434343434372,0.7718490456782718,0.9848381822415831,0.985395329502669,1.1278354389142418,1.0525432227850662,1.0871971251897588,0.6929934510740661,0.7718490456782718,
4,NOR,26.0,MEDIUM>HARD,0.5896666666666732,0.9663434343434372,0.9663434343434372,0.7718490456782718,0.9595278193163546,0.9243433201057165,0.6352949510965151,0.6233194279276735,0.6332088363757069,0.7055995037821159,0.7718490456782718,
4,OCO,30.0,MEDIUM>HARD,1.5846666666666493,0.9663434343434372,0.9663434343434372,0.7718490456782718,1.065244895941623,1.030960762743579,1.3349914178325153,1.2009327486139592,1.2795858054576565,0.6572145921498144,0.7718490456782718,
4,PER,28.0,MEDIUM>HARD,1.4323333333333466,0.9663434343434372,0.9663434343434372,0.7718490456782718,1.0108944826542041,1.109560733337398,1.4275358065906254,1.3164732457036035,1.3670349488435742,0.68359052324622,0.7718490456782718,
4,PIA,27.0,MEDIUM>HARD,1.928666666666686,0.9663434343434372,0.9663434343434372,0.7718490456782718,0.9848381822415831,0.9738474121235599,0.7956653314271327,0.7408512260367591,0.7826763053283955,0.6958163841041485,0.7718490456782718,
4,RUS,19.0,MEDIUM>HARD,0.39000000000000057,0.9663434343434372,0.9663434343434372,0.7718490456782718,0.8032415284867401,0.7307881591412732,0.6026749373944984,0.6553935301985242,0.5965515494371809,0.7125438798163464,0.7718490456782718,
4,SAI,27.0,MEDIUM>HARD,2.0670000000000073,0.9663434343434372,0.9663434343434372,0.7718490456782718,0.9848381822415831,0.9698287536821772,0.9398569972192299,0.8567978374510399,0.914205298917087,0.7144086592581746,0.7718490456782718,
4,STR,20.0,MEDIUM>SOFT,0.6533333333333218,0.9663434343434372,0.9663434343434372,1.2478590899979998,1.2639362744825342,1.180937333492154,1.3677116917647831,1.2128350111984636,1.4313742208042939,1.0771327445951115,1.2478590899979998,
4,STR,36.0,SOFT>SOFT,1.7220000000000084,0.9663434343434372,,,,,,,,,,
5,ANT,29.0,SOFT>MEDIUM,-1.1686666666666667,1.021006410256412,1.021006410256412,0.9905882760458314,1.5142659284796203,1.2205590837775768,1.0286460978837013,1.0408317244853713,0.8508677996856757,1.4057508957340825,1.0286460978837013,
5,BEA,28.0,SOFT>MEDIUM,-1.115000000000009,1.021006410256412,1.021006410256412,0.9905882760458314,1.5142659284796203,1.3467701996498072,1.2836365799707663,1.2262479337768348,1.1134268465245691,1.30094662882912,1.2836365799707663,
5,BOR,17.0,SOFT>MEDIUM,-1.2743333333333453,1.021006410256412,1.021006410256412,0.9905882760458314,0.7932343462102653,0.6391294910140313,0.6069113950306637,0.8159558774391436,0.4493744900200091,1.3000466506591888,0.6069113950306637,
5,BOT,27.0,MEDIUM>SOFT,-0.30333333333334167,1.021006410256412,1.021006410256412,1.2658856514788184,1.109206218031758,0.7454001510723759,0.7401902713379067,0.9126060446343696,0.720285707090995,1.5432960229705595,0.7401902713379067,
5,BOT,48.0,SOFT>MEDIUM,-2.6386666666666656,1.021006410256412,1.021006410256412,0.9905882760458314,0.9196062169484968,0.534267469072065,0.5786223354367173,0.7721416108406698,0.33203697456221887,1.3091689011476477,0.5786223354367173,
5,COL,29.0,MEDIUM>HARD,-0.9033333333333502,1.021006410256412,1.021006410256412,0.93383645083933,1.2643012724583982,1.1207127695533985,1.1894387112569333,1.0969521981063406,1.1721234959056477,1.2746744864258648,1.1894387112569333,
5,HAD,29.0,SOFT>MEDIUM,-0.8286666666666491,1.021006410256412,1.021006410256412,0.9905882760458314,1.5142659284796203,1.5069883629115846,1.4687139012116197,1.3671250594196005,1.313715334142359,1.3050236898182648,1.4687139012116197,
5,HAD,51.0,MEDIUM>SOFT,-0.6773333333333369,1.021006410256412,1.021006410256412,1.2658856514788184,1.1772289205103124,1.0757819930072543,0.9124390103070293,0.9259325611418705,0.9275824210379426,1.5782938885685418,0.9124390103070293,
5,HAD,60.0,SOFT>SOFT,-0.5393333333333459,1.021006410256412,1.021006410256412,1.1355142019717588,0.8425739823415962,0.7981999035182853,0.5624585936550104,0.6958414935089984,0.6857056160800137,1.4496106288265604,0.5624585936550104,
5,HAM,29.0,SOFT>MEDIUM,-0.42533333333334156,1.021006410256412,1.021006410256412,0.9905882760458314,1.463930488245988,1.284089422665407,1.0995543622402815,1.1199055819295756,0.9276423436492294,1.2993723737101917,1.0995543622402815,
5,LEC,29.0,SOFT>MEDIUM,-0.6919999999999931,1.021006410256412,1.021006410256412,0.9905882760458314,1.5142659284796203,1.3684054134183,1.2685000568931075,1.205660040017043,1.1037843292686171,1.3051733670347596,1.2685000568931075,
5,OCO,28.0,MEDIUM>SOFT,-0.6770000000000067,1.021006410256412,1.021006410256412,1.2658856514788184,0.9341587132527266,0.8432543887494711,0.9027958491530274,0.977454488833829,0.9231978389162881,1.5951792021938975,0.9027958491530274,
5,PER,28.0,MEDIUM>SOFT,-1.3480000000000132,1.021006410256412,1.021006410256412,1.2658856514788184,0.9603103179391661,0.8038556477307042,0.7737014186267729,0.877080526078038,0.7885135093069262,1.5424527798556076,0.7737014186267729,
5,PIA,11.0,MEDIUM>MEDIUM,-0.4966666666666555,1.021006410256412,1.021006410256412,0.7372919797495346,0.42540523782870454,0.048687347040927365,-0.132587528760725,0.3641207666716877,-0.4137837038028265,1.0935119988951056,-0.132587528760725,
5,PIA,50.0,MEDIUM>SOFT,-1.034000000000006,1.021006410256412,1.021006410256412,1.2658856514788184,2.244705276997352,1.9327285777291823,1.755161615687896,1.4346188237439683,1.7361215081414012,1.5434845496204281,1.755161615687896,
5,SAI,28.0,MEDIUM>MEDIUM,-2.1436666666666753,1.021006410256412,1.021006410256412,0.7372919797495346,1.3287394755412487,1.208034121683315,1.0969546971851125,1.1777571089613665,0.832030276981401,1.052337715331501,1.0969546971851125,
5,STR,48.0,SOFT>MEDIUM,0.8489999999999895,1.021006410256412,1.021006410256412,0.9905882760458314,1.5658105604906123,1.4286342009495658,1.6732172939027916,1.6009817887230506,1.4823774800879486,1.2929803590576112,1.6732172939027916,
5,VER,29.0,SOFT>MEDIUM,-1.063999999999993,1.021006410256412,1.021006410256412,0.9905882760458314,1.5658105604906123,1.399326126841924,1.2802091181978252,1.216364086341731,1.1127971435725366,1.301008310644991,1.2802091181978252,
6,ALB,42.0,MEDIUM>SOFT,-3.1666666666666714,0.5230285714285717,0.5230285714285717,0.3540175459401193,0.7758880587959204,0.6763219614124211,0.3956410358813527,0.4232537386171689,0.44635971451890444,1.8481643968254955,0.44635971451890444,2.7701215081414072
6,ANT,36.0,MEDIUM>HARD,0.039666666666676065,0.5230285714285717,0.5230285714285717,0.7678880543090973,1.0656058802754091,0.6844273888095755,0.30079185890459514,0.23696746752988768,0.38683118935786265,1.8722830288517767,0.38683118935786265,2.7701215081414072
6,BOR,42.0,HARD>MEDIUM,4.298999999999992,0.5230285714285717,0.5230285714285717,0.8537152523832408,1.2177493625857394,1.8116353448605913,1.9682469087396324,1.54893796856813,1.961958716042751,2.1055944742044597,1.961958716042751,2.7701215081414072
6,COL,34.0,MEDIUM>HARD,2.221333333333334,0.5230285714285717,0.5230285714285717,0.7678880543090973,1.0183821984118344,2.251115065039179,2.546556950760201,2.094459709049262,2.5826721837025524,1.8631051248962776,2.5826721837025524,2.7701215081414072
6,GAS,44.0,MEDIUM>HARD,-0.42433333333332257,0.5230285714285717,0.5230285714285717,0.7678880543090973,1.2746660859110077,1.0681456543191568,0.9265610216313458,0.6705165705938396,1.0632414020993193,1.8276786394203552,1.0632414020993193,2.7701215081414072
6,HAD,31.0,MEDIUM>HARD,0.6216666666666697,0.5230285714285717,0.5230285714285717,0.7678880543090973,0.9513277027754653,0.7918567955517231,0.7649357630648497,0.6002574174565298,0.8597559720785096,1.8731757987725526,0.8597559720785096,2.7701215081414072
6,HAM,27.0,MEDIUM>HARD,1.061333333333323,0.5230285714285717,0.5230285714285717,0.7678880543090973,0.8689796259570945,1.1434283142557606,1.0923810410195607,0.8491700315598918,1.12419477739263,1.8713902589310007,1.12419477739263,2.7701215081414072
6,HUL,11.0,MEDIUM>HARD,2.879333333333335,0.5230285714285717,0.5230285714285717,0.7678880543090973,0.6202492314088065,0.08868304886752598,0.10383395908527265,0.13049355447112732,0.1755400569217439,1.8622123549755016,0.1755400569217439,2.7701215081414072
6,LAW,43.0,MEDIUM>SOFT,1.4820000000000135,0.5230285714285717,0.5230285714285717,0.3540175459401193,0.8032809268867014,1.1203585249313044,0.893446845631483,0.7497766465678144,0.9291457834627636,1.8463788569839437,0.9291457834627636,2.7701215081414072
6,LEC,34.0,MEDIUM>HARD,0.7996666666666528,0.5230285714285717,0.5230285714285717,0.7678880543090973,1.0183821984118344,1.130116652599886,1.0088653015450466,0.7395687690479837,1.070087502927573,1.8787826230449471,1.070087502927573,2.7701215081414072
6,OCO,8.0,MEDIUM>HARD,1.8826666666666512,0.5230285714285717,0.5230285714285717,0.7678880543090973,0.5879801856351778,0.24214139028286547,0.23001410037109637,0.28070929355341107,0.28692928016132846,1.8778898531241712,0.28692928016132846,2.7701215081414072
6,PIA,47.0,MEDIUM>HARD,2.0363333333333458,0.5230285714285717,0.5230285714285717,0.7678880543090973,1.3613819227741428,1.4398126627724896,1.5493804456751235,1.0998045256193754,1.695592280108242,1.821179045227184,1.695592280108242,2.7701215081414072
6,RUS,30.0,MEDIUM>HARD,1.8996666666666613,0.5230285714285717,0.5230285714285717,0.7678880543090973,0.929984478139074,0.8300904550367143,0.763697419390709,0.6126898834081345,0.8525101401987151,1.8566055307031066,0.8525101401987151,2.7701215081414072
6,SAI,51.0,MEDIUM>SOFT,-1.6310000000000002,0.5230285714285717,0.5230285714285717,0.3540175459401193,1.0405728019761182,0.7411366773718386,0.3292000768473653,0.3334208604907542,0.4342606736627911,1.6903885963478396,0.4342606736627911,2.7701215081414072
7,ALB,12.0,MEDIUM>HARD,1.5390000000000157,0.6025317460317462,0.6025317460317462,0.8762430938337211,0.8226011904206731,0.8428764168098548,1.140525969913325,0.9373743355879591,1.1746147977849786,1.5349941805591838,1.1746147977849786,2.7701215081414072
7,ALO,20.0,HARD>HARD,2.1820000000000164,0.6025317460317462,0.6025317460317462,0.44951565326150056,0.43558714095631035,0.813527483486822,1.6797559084926852,1.4981884683096989,2.4578477467977407,1.345265107741834,2.4578477467977407,2.7701215081414072
7,ANT,13.0,MEDIUM>HARD,1.657666666666671,0.6025317460317462,0.6025317460317462,0.8762430938337211,0.8275112027205949,0.8332037096566636,0.4066796027479035,0.3622575919646121,0.3881784925542595,1.5015160531854574,0.3881784925542595,2.7701215081414072
7,ANT,36.0,HARD>HARD,2.0293333333333408,0.6025317460317462,0.6025317460317462,0.44951565326150056,0.4455905353414728,0.9244734923058859,0.6604156920410859,0.7342523113792461,1.3685300750312575,1.4084876213032576,1.3685300750312575,2.7701215081414072
7,BEA,17.0,MEDIUM>HARD,1.7693333333333499,0.6025317460317462,0.6025317460317462,0.8762430938337211,0.8472591164998811,0.9514207180085583,1.531015193739817,1.2784426391490558,1.5996977654562308,1.489250751225051,1.5996977654562308,2.7701215081414072
7,BOR,14.0,MEDIUM>HARD,3.0576666666666483,0.6025317460317462,0.6025317460317462,0.8762430938337211,0.8324320014784765,0.7896696485590535,1.26653606428882,0.9959575232286548,1.3339725979347303,1.5825144946707423,1.3339725979347303,2.7701215081414072
7,BOR,32.0,HARD>HARD,3.168999999999997,0.6025317460317462,0.6025317460317462,0.44951565326150056,0.4206629478132663,0.6802897915702573,1.197947721701226,0.8013782763197421,1.9411416026813009,1.2727429649186586,1.9411416026813009,2.7701215081414072
7,BOR,52.0,HARD>SOFT,2.1573333333333267,0.6025317460317462,0.6025317460317462,0.842433913796423,0.8160217512299746,0.7903248687547759,0.7090615902519979,0.6255530914099997,0.9311834562149696,1.6682861401714384,0.9311834562149696,2.7701215081414072
7,COL,11.0,SOFT>HARD,2.049666666666667,0.6025317460317462,0.6025317460317462,0.5093675051133514,0.45313747844214364,0.28855863460314524,0.38365284266369637,0.3389647585602696,0.5342730144868779,1.3438126388588691,0.5342730144868779,2.7701215081414072
7,COL,33.0,HARD>HARD,0.7893333333333317,0.6025317460317462,0.6025317460317462,0.44951565326150056,0.4405834449199116,1.1205368058235923,1.2405742856190614,1.200853969972669,1.9576106419953003,1.3798233968869735,1.9576106419953003,2.7701215081414072
7,GAS,13.0,MEDIUM>HARD,2.595333333333329,0.6025317460317462,0.6025317460317462,0.8762430938337211,0.8275112027205949,0.6988066123692113,0.7759696682497255,0.6686417085308161,0.8096990080253131,1.512642754073446,0.8096990080253131,2.7701215081414072
7,GAS,38.0,HARD>HARD,3.4909999999999997,0.6025317460317462,0.6025317460317462,0.44951565326150056,0.455637075558475,1.594156035673123,2.006511058816517,1.8864041721364941,2.724320296594525,1.3380981332409125,2.724320296594525,2.7701215081414072
7,HAD,14.0,MEDIUM>HARD,2.86933333333333,0.6025317460317462,0.6025317460317462,0.8762430938337211,0.8324320014784765,1.003513288674296,1.1107762196313087,0.9359558378499413,1.1296966551592709,1.5534929650221612,1.1296966551592709,2.7701215081414072
7,HAD,31.0,HARD>HARD,2.379666666666651,0.6025317460317462,0.6025317460317462,0.44951565326150056,0.4157097896815048,1.074271112961772,1.0128706222896793,0.9235496468305788,1.6978999402741848,1.2958698576783478,1.6978999402741848,2.7701215081414072
7,HAM,10.0,SOFT>HARD,1.6566666666666663,0.6025317460317462,0.6025317460317462,0.5093675051133514,0.4580367042841054,0.6738728833550032,0.19084566712909656,0.24857701451930825,0.272493039380468,1.372748074393864,0.272493039380468,2.7701215081414072
7,HAM,26.0,HARD>MEDIUM,2.4056666666666757,0.6025317460317462,0.6025317460317462,1.1209505390014445,1.065765737358643,1.1879708251718573,0.7386103128277008,0.5482841010500954,0.7456861414462155,1.8860362005483962,0.7456861414462155,2.7701215081414072
7,HAM,39.0,MEDIUM>HARD,1.2109999999999985,0.6025317460317462,0.6025317460317462,0.8762430938337211,0.8226011904206731,1.3248535488925879,1.2751515520839334,1.082082699451573,1.2679682590143857,1.5228929647197968,1.2679682590143857,2.7701215081414072
7,HUL,12.0,SOFT>HARD,1.0703333333333234,0.6025317460317462,0.6025317460317462,0.5093675051133514,0.4580367042841054,0.6856567827702694,0.6111513663125696,0.6372338922066292,0.7537165965905154,1.4299384417297492,0.7537165965905154,2.7701215081414072
7,LAW,10.0,MEDIUM>HARD,0.7536666666666605,0.6025317460317462,0.6025317460317462,0.8762430938337211,0.8128135251947096,0.961320759440732,0.9850206092276008,0.7872012349123083,0.9696666569042769,1.4467328562678383,0.9696666569042769,2.7701215081414072
7,LAW,34.0,HARD>HARD,1.0366666666666617,0.6025317460317462,0.6025317460317462,0.44951565326150056,0.4506084122209939,0.5752512509886727,0.9860740769727682,0.8871261105412009,1.7580192931310368,1.297567020631576,1.7580192931310368,2.7701215081414072
7,LEC,15.0,MEDIUM>HARD,1.8696666666666886,0.6025317460317462,0.6025317460317462,0.8762430938337211,0.8373635866943181,0.8573540834887683,0.904675713945697,0.7520285699801037,0.9216095481979169,1.5073133678724102,0.9216095481979169,2.7701215081414072
7,LEC,38.0,HARD>HARD,2.313666666666677,0.6025317460317462,0.6025317460317462,0.44951565326150056,0.4455905353414728,0.7867846766986659,0.6114969256760961,0.6647537215190473,1.3334290475406365,1.3269008685299701,1.3334290475406365,2.7701215081414072
7,LIN,21.0,MEDIUM>HARD,2.4143333333333317,0.6025317460317462,0.6025317460317462,0.8762430938337211,0.8671796136065264,1.8198966081454768,2.3569039464681,2.0038783376952107,2.3884727405012396,1.49798794870205,2.3884727405012396,2.7701215081414072
7,NOR,12.0,MEDIUM>HARD,1.3770000000000095,0.6025317460317462,0.6025317460317462,0.8762430938337211,0.8226011904206731,0.93924117757665,0.4827832406965218,0.4616135276578598,0.4593749133530588,1.4453603593549276,0.4593749133530588,2.7701215081414072
7,NOR,34.0,HARD>HARD,2.3506666666666547,0.6025317460317462,0.6025317460317462,0.44951565326150056,0.4405834449199116,0.4440250382091279,0.36732831645349306,0.41054095190398077,1.1040358353634923,1.300507277807416,1.1040358353634923,2.7701215081414072
7,OCO,12.0,SOFT>HARD,2.350999999999999,0.6025317460317462,0.6025317460317462,0.5093675051133514,0.4580367042841054,0.6271692171022994,0.9001804874243772,0.8095107249588833,1.049581024343769,1.4040107383059168,1.049581024343769,2.7701215081414072
7,OCO,33.0,HARD>MEDIUM,3.4496666666666584,0.6025317460317462,0.6025317460317462,1.1209505390014445,1.0905854603072502,0.3706788806323227,0.7233614213785826,0.4326198536505057,0.8676013916263152,1.942433095598222,0.8676013916263152,2.7701215081414072
7,PER,11.0,SOFT>HARD,2.100666666666669,0.6025317460317462,0.6025317460317462,0.5093675051133514,0.45313747844214364,0.6900433787258664,0.960007051454061,0.8538807382111642,1.1112951795678567,1.3075109607604833,1.1112951795678567,2.7701215081414072
7,PER,30.0,HARD>HARD,2.441666666666677,0.6025317460317462,0.6025317460317462,0.44951565326150056,0.4256268924029877,0.2603568202066566,0.6053903615750085,0.6222380479076648,1.392120246518294,1.25122217553662,1.392120246518294,2.7701215081414072
7,PER,37.0,HARD>MEDIUM,0.6470000000000056,0.6025317460317462,0.6025317460317462,1.1209505390014445,1.0217697829026264,1.7169515175766776,1.8396388661338028,1.5190757732718214,1.8593023139100362,2.1047705684021754,1.8593023139100362,2.7701215081414072
7,PIA,13.0,MEDIUM>HARD,1.72466666666665,0.6025317460317462,0.6025317460317462,0.8762430938337211,0.8275112027205949,0.7569814860888404,0.3667751305092557,0.3218063569810369,0.3619258080714427,1.5032681265164989,0.3619258080714427,2.7701215081414072
7,PIA,35.0,HARD>HARD,1.4029999999999916,0.6025317460317462,0.6025317460317462,0.44951565326150056,0.4405834449199116,0.5029831259058734,0.29044466795138674,0.42327651778068703,1.0169809931772051,1.333294509625116,1.0169809931772051,2.7701215081414072
7,RUS,11.0,MEDIUM>HARD,1.4953333333333347,0.6025317460317462,0.6025317460317462,0.8762430938337211,0.8177019645787115,1.2536572232151586,0.88044886428463,0.7064815678909101,0.817121319285802,1.4143561104169908,0.817121319285802,2.7701215081414072
7,RUS,35.0,HARD>HARD,2.1596666666666664,0.6025317460317462,0.6025317460317462,0.44951565326150056,0.4506084122209939,0.42029588898613535,0.10583419859737866,0.21286252194449237,0.839585056620126,1.2959346651766381,0.839585056620126,2.7701215081414072
7,SAI,13.0,SOFT>HARD,2.0926666666666733,0.6025317460317462,0.6025317460317462,0.5093675051133514,0.46294671658402714,0.4619158168594764,0.5929578089733174,0.5722305083910679,0.7610840859921525,1.3824034521573414,0.7610840859921525,2.7701215081414072
7,SAI,29.0,HARD>HARD,1.3659999999999854,0.6025317460317462,0.6025317460317462,0.44951565326150056,0.4107674180077032,0.4742565806143701,0.6422584568262301,0.6235191129490881,1.3808375167285551,1.3257410577423379,1.3808375167285551,2.7701215081414072
7,SAI,54.0,HARD>MEDIUM,2.3346666666666778,0.6025317460317462,0.6025317460317462,1.1209505390014445,1.1106353949094148,1.038411204243192,1.3659258115299662,1.0214066552141094,1.4534355133428423,1.8720582684296228,1.4534355133428423,2.7701215081414072
7,VER,11.0,SOFT>MEDIUM,2.1466666666666754,0.6025317460317462,0.6025317460317462,-0.23772365485073188,-0.29865561587081096,-0.011808323944048238,-0.40615640222491417,0.023646940093695834,-0.7354340678559705,0.8961963845794612,-0.7354340678559705,2.7701215081414072
7,VER,28.0,MEDIUM>HARD,1.8389999999999986,0.6025317460317462,0.6025317460317462,0.8762430938337211,0.8423059583681196,0.9378209620809859,0.7449805545609957,0.6049329907372784,0.7429096969808864,1.4083841742265317,0.7429096969808864,2.7701215081414072
7,VER,39.0,HARD>MEDIUM,1.4823333333333295,0.6025317460317462,0.6025317460317462,1.1209505390014445,1.0412156758590345,1.0137745815959394,0.8731519671140356,0.6991454875454834,0.9191779655695692,1.9783787528453123,0.9191779655695692,2.7701215081414072
8,ALB,17.0,MEDIUM>MEDIUM,1.0806666666666729,1.0471102150537637,1.0471102150537637,0.2676312344333487,0.31675015598972567,0.33010113458469825,0.2816115288940723,0.805625071114354,-0.23302683839360072,1.381986490031169,-0.23302683839360072,2.3370412839572414
8,ALB,36.0,MEDIUM>HARD,0.9356666666666769,1.0471102150537637,1.0471102150537637,1.1442870239207101,1.181552050906474,1.1350398488110964,1.217824056043354,1.1562209631831752,1.228702139540263,1.8366693234967177,1.228702139540263,2.3370412839572414
8,ALO,22.0,MEDIUM>SOFT,1.1286666666666747,1.0471102150537637,1.0471102150537637,0.33919717893834134,0.4068812937415135,0.8368233490229797,1.191521013807469,1.4544892757486907,0.9468736605803698,1.4966035313913095,0.9468736605803698,2.3370412839572414
8,ALO,48.0,SOFT>SOFT,2.4550000000000125,1.0471102150537637,1.0471102150537637,0.8628943578766844,0.8546255531211832,2.019853783985767,2.367103873542833,2.50639614219273,1.9576827813207336,1.889837587546471,1.9576827813207336,2.3370412839572414
8,ANT,23.0,MEDIUM>HARD,1.687666666666658,1.0471102150537637,1.0471102150537637,1.1442870239207101,1.1459171027309258,1.176337568772389,1.3190921326289846,1.1801521310835068,1.3217678428643442,1.8000920748668343,1.3217678428643442,2.3370412839572414
8,ANT,50.0,HARD>HARD,1.5943333333333243,1.0471102150537637,1.0471102150537637,1.5883004657015234,1.551613929718637,1.539556236519935,1.449873035525254,1.1970223554604273,1.778731506641431,2.0336531880363546,1.778731506641431,2.3370412839572414
8,BEA,23.0,MEDIUM>HARD,1.9416666666666629,1.0471102150537637,1.0471102150537637,1.1442870239207101,1.1459171027309258,1.3817192876367939,1.664533378868437,1.620111885985872,1.6609667797149674,1.7412177101978685,1.6609667797149674,2.3370412839572414
8,BEA,44.0,HARD>MEDIUM,1.2949999999999875,1.0471102150537637,1.0471102150537637,1.5683128199350995,1.6110122291705413,1.370609998598022,0.9433438217104706,0.9047370893638551,1.0241337138205169,2.3733812798415395,1.0241337138205169,2.3370412839572414
8,BOR,16.0,SOFT>MEDIUM,1.4193333333333413,1.0471102150537637,1.0471102150537637,0.08699703046141183,0.16934603939449244,0.13136613048173806,0.08919057114992124,0.5909291834272818,-0.17624411322225997,1.5187480402868718,-0.17624411322225997,2.3370412839572414
8,BOR,43.0,MEDIUM>HARD,1.9156666666666666,1.0471102150537637,1.0471102150537637,1.1442870239207101,1.1186050525713889,1.4971137919135746,1.7595575204345586,1.5154328039785967,1.7328764237564553,1.887089100655057,1.7328764237564553,2.3370412839572414
8,COL,19.0,MEDIUM>HARD,1.5750000000000028,1.0471102150537637,1.0471102150537637,1.1442870239207101,1.1754135748137324,1.1145348170125073,0.8974634584269721,1.0052237633534968,0.9228534497832445,1.84595905264992,0.9228534497832445,2.3370412839572414
8,COL,45.0,HARD>MEDIUM,2.1000000000000085,1.0471102150537637,1.0471102150537637,1.5683128199350995,1.570434713283153,1.3570903291863654,1.3439818118323879,1.1717643020796429,1.4127761029101165,2.3738308693662233,1.4127761029101165,2.3370412839572414
8,GAS,12.0,MEDIUM>HARD,2.0363333333333458,1.0471102150537637,1.0471102150537637,1.1442870239207101,1.20800351526806,1.3455963318737367,1.671916590690607,1.4411343290613443,1.6478880284681168,1.8665909223339145,1.6478880284681168,2.3370412839572414
8,GAS,37.0,HARD>MEDIUM,1.4966666666666697,1.0471102150537637,1.0471102150537637,1.5683128199350995,1.5795387300029988,1.5860459738922248,1.719352797839426,1.392851576830231,1.7356680034081227,2.3228498675880584,1.7356680034081227,2.3370412839572414
8,GAS,50.0,MEDIUM>SOFT,0.2009999999999934,1.0471102150537637,1.0471102150537637,0.33919717893834134,0.46085220310117003,0.4930482136041468,0.46536160715254304,0.7953710065013723,0.23031843014593034,1.526715562637403,0.23031843014593034,2.3370412839572414
8,HAD,17.0,MEDIUM>MEDIUM,1.9453333333333376,1.0471102150537637,1.0471102150537637,0.2676312344333487,0.31675015598972567,0.295646542859321,0.11616351195311891,0.6113399670646013,-0.403718882168154,1.3820541452879842,-0.403718882168154,2.3370412839572414
8,HAD,39.0,MEDIUM>HARD,0.9996666666666556,1.0471102150537637,1.0471102150537637,1.1442870239207101,1.161653852314697,1.1158733357497006,1.074064474197433,1.0057378089060667,1.0787134421643687,1.8011766773885352,1.0787134421643687,2.3370412839572414
8,HAM,11.0,MEDIUM>HARD,0.8606666666666598,1.0471102150537637,1.0471102150537637,1.1442870239207101,1.2106821939625134,2.378928422711822,2.2405612099574084,2.2064588871308937,2.0862498970851213,1.790013680020385,2.0862498970851213,2.3370412839572414
8,HAM,23.0,HARD>SOFT,1.5020000000000095,1.0471102150537637,1.0471102150537637,1.2067340651500127,1.2922124035163773,1.1825184898529844,0.8674681989331443,0.9305780419796149,1.0281708047438962,2.023773783234375,1.0281708047438962,2.3370412839572414
8,HAM,41.0,SOFT>HARD,1.0803333333333427,1.0471102150537637,1.0471102150537637,1.3127073496955675,1.325640864694006,1.2096867860347433,0.9768534507926538,0.9092376502939727,1.0972892835137942,1.9091856878252331,1.0972892835137942,2.3370412839572414
8,HUL,20.0,MEDIUM>MEDIUM,1.600666666666669,1.0471102150537637,1.0471102150537637,0.2676312344333487,0.2983347277115007,0.20700865814733005,0.06264145591828973,0.6058886973627193,-0.4314907923644199,1.3882778025856446,-0.4314907923644199,2.3370412839572414
8,HUL,44.0,MEDIUM>HARD,0.6063333333333389,1.0471102150537637,1.0471102150537637,1.1442870239207101,1.1459171027309258,1.1170435944702894,1.1803956080276774,1.095011808669577,1.186596105150024,1.8724837512165358,1.186596105150024,2.3370412839572414
8,LAW,18.0,MEDIUM>HARD,1.214333333333343,1.0471102150537637,1.0471102150537637,1.1442870239207101,1.181552050906474,1.7932116420476045,1.9224082235378699,1.8741852664638623,1.850173577896269,1.8238703516964554,1.850173577896269,2.3370412839572414
8,LAW,44.0,HARD>MEDIUM,1.5086666666666702,1.0471102150537637,1.0471102150537637,1.5683128199350995,1.570434713283153,1.8002319320021483,1.6104574842993058,1.40076360212281,1.6306985030450383,2.3792299557007124,1.6306985030450383,2.3370412839572414
8,LEC,12.0,MEDIUM>HARD,0.5523333333333369,1.0471102150537637,1.0471102150537637,1.1442870239207101,1.20800351526806,1.5332720893038325,1.591040804499803,1.386981667737355,1.541435402404744,1.8610021498557354,1.541435402404744,2.3370412839572414
8,LEC,36.0,HARD>HARD,0.9089999999999918,1.0471102150537637,1.0471102150537637,1.5883004657015234,1.578925979878174,1.5839117178813371,1.399579927116365,1.209812326008682,1.7059653023530101,1.9982059313428404,1.7059653023530101,2.3370412839572414
8,LEC,58.0,HARD>SOFT,1.9506666666666632,1.0471102150537637,1.0471102150537637,1.2067340651500127,1.2431840618685608,1.4757548420366327,1.2011745736940362,1.1467038536226586,1.362052360814931,2.0197013374627875,1.362052360814931,2.3370412839572414
8,LIN,17.0,MEDIUM>HARD,1.5476666666666858,1.0471102150537637,1.0471102150537637,1.1442870239207101,1.1871962702280316,1.205657811783909,1.3004849292363745,1.1189460581239152,1.307226958377977,1.8350234963551908,1.307226958377977,2.3370412839572414
8,LIN,45.0,HARD>MEDIUM,1.9066666666666663,1.0471102150537637,1.0471102150537637,1.5683128199350995,1.5507439095299098,1.4539840026102049,1.6239373640757218,1.3278797633949377,1.6664471840804378,2.3812055597045263,1.6664471840804378,2.3370412839572414
8,NOR,20.0,MEDIUM>HARD,1.9590000000000174,1.0471102150537637,1.0471102150537637,1.1442870239207101,1.1687808419498067,1.2587152882823605,1.2657194251178274,1.171496930710795,1.2695296137763536,1.8440440138350205,1.2695296137763536,2.3370412839572414
8,NOR,46.0,HARD>HARD,1.3543333333333294,1.0471102150537637,1.0471102150537637,1.5883004657015234,1.5612122032096667,1.482202849788394,1.4474582552331923,1.22236214733793,1.770319164230047,2.0510386361589497,1.770319164230047,2.3370412839572414
8,OCO,17.0,MEDIUM>MEDIUM,1.2800000000000011,1.0471102150537637,1.0471102150537637,0.2676312344333487,0.31675015598972567,0.3903481601224557,0.5853159116903808,0.9843058152838849,0.04950639397141299,1.3890589829082736,0.04950639397141299,2.3370412839572414
8,OCO,32.0,MEDIUM>HARD,0.2750000000000057,1.0471102150537637,1.0471102150537637,1.1442870239207101,1.2011633875656007,1.247096396835833,1.4012685950990738,1.3198529853704692,1.3955046609306356,1.778179377478394,1.3955046609306356,2.3370412839572414
8,PIA,18.0,MEDIUM>HARD,1.7540000000000049,1.0471102150537637,1.0471102150537637,1.1442870239207101,1.181552050906474,1.195876543313094,1.07594741873274,1.1024032637314627,1.0775915168657861,1.8209875029134022,1.0775915168657861,2.3370412839572414
8,PIA,41.0,HARD>HARD,1.3216666666666583,1.0471102150537637,1.0471102150537637,1.5883004657015234,1.5870414830556518,1.381647012137381,1.0259535565978357,0.9130273654674522,1.3609384177018873,2.0371509762778315,1.3609384177018873,2.3370412839572414
8,RUS,18.0,MEDIUM>HARD,1.3269999999999982,1.0471102150537637,1.0471102150537637,1.1442870239207101,1.181552050906474,1.115460281838056,1.033449230323018,0.9934676315453631,1.0390942047259362,1.8209252899128519,1.0390942047259362,2.3370412839572414
8,RUS,42.0,HARD>HARD,1.1949999999999932,1.0471102150537637,1.0471102150537637,1.5883004657015234,1.578925979878174,1.364423210367241,1.0380741872961496,0.8912398268493602,1.3746831152923864,2.055174890605733,1.3746831152923864,2.3370412839572414
8,SAI,13.0,SOFT>MEDIUM,1.1836666666666673,1.0471102150537637,1.0471102150537637,0.08699703046141183,0.18183038641850946,0.1671654461564278,0.4334730040849429,0.7757828946716214,0.14714401399702354,1.5177753312923432,0.14714401399702354,2.3370412839572414
8,STR,22.0,MEDIUM>SOFT,1.6029999999999802,1.0471102150537637,1.0471102150537637,0.33919717893834134,0.4068812937415135,0.42568397994647444,0.8542952216053821,1.0478650272179812,0.6428614080680833,1.4947979270492548,0.6428614080680833,2.3370412839572414
8,VER,17.0,MEDIUM>HARD,0.9170000000000158,1.0471102150537637,1.0471102150537637,1.1442870239207101,1.1871962702280316,1.0787572386715865,0.7432804276156934,0.7943494230207626,0.7669056840764816,1.833178653691049,0.7669056840764816,2.3370412839572414
8,VER,48.0,HARD>HARD,1.8693333333333157,1.0471102150537637,1.0471102150537637,1.5883004657015234,1.5082782680426785,1.5287537108661091,1.5264913500387896,1.2213254596729926,1.8558512621913281,2.0578976379616227,1.8558512621913281,2.3370412839572414
9,ALB,13.0,HARD>MEDIUM,2.509999999999991,1.1328949494949498,1.1328949494949498,1.6331508724423491,1.7203901347442379,2.719845116029742,2.543146486925929,2.1282686429413484,2.5940060222134287,1.6630482817343264,2.5940060222134287,2.1365135093069396
9,ALO,19.0,MEDIUM>HARD,1.1089999999999947,1.1328949494949498,1.1328949494949498,1.1893809751640532,1.219152987308856,1.1946019431488992,1.8099629511537403,1.658899314369539,1.849234518815687,1.0528737976759592,1.849234518815687,2.1365135093069396
9,BEA,28.0,MEDIUM>HARD,2.2690000000000055,1.1328949494949498,1.1328949494949498,1.1893809751640532,1.1302601509416923,1.2402039494580859,1.772530666570413,1.5488044880046146,1.7906372627155493,0.9594536933842827,1.7906372627155493,2.1365135093069396
9,BOR,25.0,MEDIUM>HARD,1.8033333333333417,1.1328949494949498,1.1328949494949498,1.1893809751640532,1.1656893020681152,0.9070008073090533,1.095858913863937,1.037255193053249,1.118120573248835,0.9540437054240434,1.118120573248835,2.1365135093069396
9,BOT,28.0,MEDIUM>HARD,1.9116666666666617,1.1328949494949498,1.1328949494949498,1.1893809751640532,1.1302601509416923,0.9692741422443619,1.318335646368889,1.4077469355370007,1.3699603524126671,0.9228146525040877,1.3699603524126671,2.1365135093069396
9,COL,20.0,MEDIUM>HARD,1.4650000000000176,1.1328949494949498,1.1328949494949498,1.1893809751640532,1.211852985788372,0.8298394257825283,0.9824364198459093,0.9394037550680429,1.0055221844932345,1.0390322814144914,1.0055221844932345,2.1365135093069396
9,HAD,37.0,HARD>MEDIUM,1.8870000000000005,1.1328949494949498,1.1328949494949498,1.6331508724423491,1.6939847426334373,1.4134233299478405,1.2038913232129145,1.116926734769816,1.2609987282227573,1.3756307645224721,1.2609987282227573,2.1365135093069396
9,HAM,21.0,MEDIUM>HARD,1.9699999999999989,1.1328949494949498,1.1328949494949498,1.1893809751640532,1.2039087391933654,1.0720553368613328,1.0927242895961022,1.1058361879299188,1.1016109674735945,1.0638436246675653,1.1016109674735945,2.1365135093069396
9,HUL,16.0,MEDIUM>HARD,0.47666666666664526,1.1328949494949498,1.1328949494949498,1.1893809751640532,1.2371875214231742,0.9922395776167161,0.8519450354906952,0.9251875336430315,0.8717035737730336,1.1855056063268592,0.8717035737730336,2.1365135093069396
9,LAW,27.0,MEDIUM>HARD,1.5286666666666662,1.1328949494949498,1.1328949494949498,1.1893809751640532,1.1427141130583556,0.5721739087652807,0.6518475929986636,0.6937775210556012,0.6890984697480522,0.971774631609279,0.6890984697480522,2.1365135093069396
9,LIN,26.0,MEDIUM>HARD,1.8526666666666642,1.1328949494949498,1.1328949494949498,1.1893809751640532,1.1545238301004965,0.7621023616867044,0.7889887491093914,0.8503722266803342,0.8194534168673969,0.9815784796703618,0.8194534168673969,2.1365135093069396
9,NOR,27.0,MEDIUM>HARD,1.4056666666666757,1.1328949494949498,1.1328949494949498,1.1893809751640532,1.1427141130583556,0.8691421699624162,0.8373422421589507,0.8480410321014102,0.849113063406186,0.9605078357594596,0.849113063406186,2.1365135093069396
9,NOR,37.0,HARD>MEDIUM,0.6253333333333302,1.1328949494949498,1.1328949494949498,1.6331508724423491,1.7248955222935858,1.7726747050156504,1.6387943196797958,1.5008298772102102,1.651360901521905,1.3738088657749774,1.651360901521905,2.1365135093069396
9,OCO,20.0,MEDIUM>HARD,0.8179999999999836,1.1328949494949498,1.1328949494949498,1.1893809751640532,1.211852985788372,0.8535113123180258,1.081931882761629,1.0320847691469075,1.114818028644468,1.0390322814144914,1.114818028644468,2.1365135093069396
9,PER,20.0,MEDIUM>HARD,0.2946666666666573,1.1328949494949498,1.1328949494949498,1.1893809751640532,1.211852985788372,0.8650490731387553,1.1221462816766095,1.04727138737337,1.1596287021211675,1.0390322814144914,1.1596287021211675,2.1365135093069396
9,PIA,35.0,HARD>MEDIUM,2.733000000000004,1.1328949494949498,1.1328949494949498,1.6331508724423491,1.5265026631191592,1.419740382850827,1.3822273127379159,1.1280782922505388,1.4394228740647472,1.3738088657749774,1.4394228740647472,2.1365135093069396
9,RUS,21.0,MEDIUM>HARD,1.673666666666648,1.1328949494949498,1.1328949494949498,1.1893809751640532,1.2039087391933654,0.9631852264865636,0.8736747271849542,0.888266882625896,0.8980904105009053,1.0439091735695836,0.8980904105009053,2.1365135093069396
9,RUS,33.0,HARD>MEDIUM,1.5066666666666322,1.1328949494949498,1.1328949494949498,1.6331508724423491,1.7240379715183254,1.8136173559297541,1.672516509622119,1.4292352371298245,1.6634671792285733,1.3938027434307134,1.6634671792285733,2.1365135093069396
9,SAI,19.0,MEDIUM>HARD,0.8740000000000094,1.1328949494949498,1.1328949494949498,1.1893809751640532,1.219152987308856,0.9196177104242069,1.107114694962747,1.040274985623636,1.1296025196401693,1.0813388849190018,1.1296025196401693,2.1365135093069396
9,STR,17.0,MEDIUM>HARD,0.8220000000000027,1.1328949494949498,1.1328949494949498,1.1893809751640532,1.2318202551262574,1.237883183292726,1.8119923325094514,1.6611747132553676,1.852092467373307,1.1410006112770352,1.852092467373307,2.1365135093069396
9,VER,16.0,MEDIUM>HARD,0.8539999999999992,1.1328949494949498,1.1328949494949498,1.1893809751640532,1.2371875214231742,1.086155709379459,0.8390047543123227,0.9125350702747804,0.8360880373387256,1.2385633467332053,0.8360880373387256,2.1365135093069396
9,VER,37.0,HARD>MEDIUM,1.4606666666666683,1.1328949494949498,1.1328949494949498,1.6331508724423491,1.6800289846669914,1.4532812399974069,1.3556691670946122,1.2584811998281826,1.3954466040744855,1.3738088657749774,1.3954466040744855,2.1365135093069396
10,ALB,17.0,MEDIUM>HARD,1.3343333333333476,1.1699376114081999,1.1699376114081999,1.2113530916721935,1.241624375319316,1.2755838916103026,1.5130568817310122,1.4433688057007308,1.5192828351058387,0.6060676564456475,1.5192828351058387,2.065260673662791
10,ALO,30.0,SOFT>HARD,3.6686666666666667,1.1699376114081999,1.1699376114081999,1.3711847547216924,1.3936157944133447,1.7761117872407537,3.130123736477444,2.2412994868629252,3.14814698891583,0.7095867393663884,3.14814698891583,2.065260673662791
10,BOT,31.0,HARD>SOFT,2.063999999999993,1.1699376114081999,1.1699376114081999,1.3446847547216922,1.3032874133867125,1.3282275427145098,1.76093358118813,1.579009052702764,1.8891448352746076,0.9229427897437468,1.8891448352746076,2.065260673662791
10,COL,14.0,MEDIUM>HARD,1.108000000000004,1.1699376114081999,1.1699376114081999,1.2113530916721935,1.2467741966133177,1.432170154235355,1.624596301907644,1.4426981632218232,1.599671497839858,0.47694075195762914,1.599671497839858,2.065260673662791
10,GAS,13.0,MEDIUM>HARD,0.06233333333331359,1.1699376114081999,1.1699376114081999,1.2113530916721935,1.2472921972829987,1.5414970447755847,1.501425654482972,1.4310143000522038,1.4794325413998948,0.5309467076951271,1.4794325413998948,2.065260673662791
10,LAW,14.0,MEDIUM>HARD,0.14666666666667538,1.1699376114081999,1.1699376114081999,1.2113530916721935,1.2467741966133177,1.128278667794315,1.14654223876206,1.1517368185223487,1.1501324940898812,0.49223354517771184,1.1501324940898812,2.065260673662791
10,LIN,15.0,MEDIUM>HARD,1.4623333333333477,1.1699376114081999,1.1699376114081999,1.2113530916721935,1.2456568927294769,1.1277062146557761,1.0881554427949767,1.1079208303040948,1.0912922932244746,0.4635402805958165,1.0912922932244746,2.065260673662791
10,NOR,29.0,HARD>MEDIUM,1.7723333333333215,1.1699376114081999,1.1699376114081999,1.666520758073792,1.6339693964677091,1.8350226789509745,1.625751882648404,1.485920999742313,1.6353700694284674,1.2240133145707783,1.6353700694284674,2.065260673662791
10,OCO,15.0,HARD>HARD,1.413666666666657,1.1699376114081999,1.1699376114081999,1.5840817646028698,1.61545524629995,1.5985386986406342,1.779932457359633,1.5579752644501548,1.9819557418960252,0.6290651899367379,1.9819557418960252,2.065260673662791
10,SAI,13.0,SOFT>HARD,1.8133333333333468,1.1699376114081999,1.1699376114081999,1.3711847547216924,1.3943777027164623,1.7282561878240572,1.9511116055391415,1.7118095865362435,1.9744872260278536,0.5878755560155045,1.9744872260278536,2.065260673662791
10,VER,16.0,MEDIUM>HARD,1.4420000000000073,1.1699376114081999,1.1699376114081999,1.2113530916721935,1.2439402856314763,1.251195525976615,1.1772793054628035,1.1384487493395754,1.1588667580132428,0.4739397669279255,1.1588667580132428,2.065260673662791
11,ALB,25.0,MEDIUM>HARD,2.187999999999988,1.1872020202020204,1.1872020202020204,1.1974850008274966,1.1881533140782805,1.783910576223715,2.0056604963804716,2.032963883219737,1.9997107921372388,1.6126338172567358,1.9997107921372388,2.032157459031089
11,ALB,53.0,HARD>SOFT,1.2980000000000018,1.1872020202020204,1.1872020202020204,1.4020740247188443,1.3939828669730925,1.1465379432369138,1.1458553808569034,1.066938614054269,1.2577297594806671,1.7902120015194605,1.2577297594806671,2.032157459031089
11,ALO,33.0,SOFT>MEDIUM,1.8983333333333263,1.1872020202020204,1.1872020202020204,0.27048849620096926,0.2116081183741726,0.4832306934118784,0.6266344577097747,1.0954990653543661,0.472883510138255,1.0519385763992335,0.472883510138255,2.032157459031089
11,ALO,54.0,MEDIUM>SOFT,2.0773333333333426,1.1872020202020204,1.1872020202020204,0.48438804725595563,0.5483592437991947,0.9515750931152839,0.8994819377838144,1.1616393684602477,0.7104741871634813,1.0717938896255492,0.7104741871634813,2.032157459031089
11,ANT,21.0,MEDIUM>HARD,1.26100000000001,1.1872020202020204,1.1872020202020204,1.1974850008274966,1.210757718664862,1.1057225227596534,0.9781418879919559,0.98788545891491,0.9865718739285885,1.6848235142223307,0.9865718739285885,2.032157459031089
11,BEA,21.0,MEDIUM>HARD,2.048333333333346,1.1872020202020204,1.1872020202020204,1.1974850008274966,1.210757718664862,1.4806717107179392,1.8431752666188577,1.8458412371499233,1.8513387640232273,1.668916140452183,1.8513387640232273,2.032157459031089
11,BEA,41.0,HARD>HARD,2.299666666666667,1.1872020202020204,1.1872020202020204,1.5870433938007,1.604470391982578,2.391733446573663,2.5933595208188613,2.36613227462376,2.746624236923057,1.7458693752168246,2.746624236923057,2.032157459031089
11,BOR,28.0,SOFT>HARD,1.7806666666666473,1.1872020202020204,1.1872020202020204,1.5376254677900218,1.4936943838182133,1.5065836140127815,1.5434349297984042,1.4439199217194296,1.6009168401227176,1.8533054853837774,1.6009168401227176,2.032157459031089
11,COL,14.0,MEDIUM>HARD,1.9783333333333246,1.1872020202020204,1.1872020202020204,1.1974850008274966,1.227644370904589,1.6267046492438477,1.7454427493995335,1.7168059032328773,1.7218137685668535,1.7190189634120774,1.7218137685668535,2.032157459031089
11,COL,36.0,HARD>HARD,3.082666666666668,1.1872020202020204,1.1872020202020204,1.5870433938007,1.5967013412404754,1.4902562759425053,1.7403880980687754,1.4288084659401643,1.9414190348754987,1.7766491679297916,1.9414190348754987,2.032157459031089
11,GAS,15.0,MEDIUM>HARD,1.9383333333333326,1.1872020202020204,1.1872020202020204,1.1974850008274966,1.2269985677887933,1.2529502511838393,1.3913540267201197,1.2999055279881708,1.3898145551349668,1.6388120195332234,1.3898145551349668,2.032157459031089
11,GAS,37.0,HARD>HARD,2.35833333333332,1.1872020202020204,1.1872020202020204,1.5870433938007,1.5967013412404754,1.9781308615404316,2.182873425259668,1.9609557667433215,2.3510054794337716,1.7275636926914242,2.3510054794337716,2.032157459031089
11,GAS,54.0,HARD>SOFT,2.492666666666679,1.1872020202020204,1.1872020202020204,1.4020740247188443,1.4476634745280839,1.2919127190539101,1.1208149275336536,1.1137833964209558,1.211482368424901,1.7876892039837409,1.211482368424901,2.032157459031089
11,HAD,18.0,MEDIUM>HARD,2.266999999999996,1.1872020202020204,1.1872020202020204,1.1974850008274966,1.2215280068902186,1.1699787060375242,1.1976385141006716,1.1540939611757337,1.2051168627306545,1.6800828808686346,1.2051168627306545,2.032157459031089
11,HAM,12.0,SOFT>HARD,0.2810000000000059,1.1872020202020204,1.1872020202020204,1.5376254677900218,1.5558467897550339,1.376241946866192,1.0217840533029863,0.9746233279286161,1.0576285582273721,1.8925368065966925,1.0576285582273721,2.032157459031089
11,HAM,29.0,HARD>HARD,1.6589999999999918,1.1872020202020204,1.1872020202020204,1.5870433938007,1.6117075286567468,1.4895608089710337,1.3077532738304742,1.1618010167853152,1.4863311041700125,1.764245153670035,1.4863311041700125,2.032157459031089
11,HAM,55.0,HARD>SOFT,0.8983333333333405,1.1872020202020204,1.1872020202020204,1.4020740247188443,1.408818220817571,1.2983589161413174,1.133889092439754,1.05759452192235,1.225111529705349,1.7919857970670499,1.225111529705349,2.032157459031089
11,HUL,18.0,MEDIUM>HARD,1.0423333333333176,1.1872020202020204,1.1872020202020204,1.1974850008274966,1.2215280068902186,1.2162743419111535,1.3506889259310713,1.28508308942241,1.3612402256540168,1.6817860813169028,1.3612402256540168,2.032157459031089
11,HUL,37.0,HARD>SOFT,1.3260000000000076,1.1872020202020204,1.1872020202020204,1.4020740247188443,1.4421929136295089,1.2049462534004407,1.0350367522818666,1.0131407367560503,1.1380878559801577,1.8203944634607927,1.1380878559801577,2.032157459031089
11,LAW,20.0,MEDIUM>HARD,1.5786666666666633,1.1872020202020204,1.1872020202020204,1.1974850008274966,1.2149366733318454,1.2304891408323368,1.323292796854897,1.2524947312989536,1.3340599053890232,1.691550974317583,1.3340599053890232,2.032157459031089
11,LAW,41.0,HARD>SOFT,1.4193333333333413,1.1872020202020204,1.1872020202020204,1.4020740247188443,1.4356015800711357,1.2767112244438967,1.2277199733565896,1.1765454381242755,1.3328382086404562,1.8232196746958085,1.3328382086404562,2.032157459031089
11,LEC,15.0,SOFT>HARD,1.2459999999999951,1.1872020202020204,1.1872020202020204,1.5376254677900218,1.5502053952846662,1.3755839446698952,1.1084514992168761,1.0083884500420028,1.1497011682802336,1.946252184589011,1.1497011682802336,2.032157459031089
11,LEC,35.0,HARD>HARD,1.8963333333333168,1.1872020202020204,1.1872020202020204,1.5870433938007,1.604470391982578,1.8283382604754608,1.8399077241967805,1.5838470948029577,1.9999167023151379,1.6818646928800107,1.9999167023151379,2.032157459031089
11,LEC,55.0,HARD>SOFT,2.5120000000000005,1.1872020202020204,1.1872020202020204,1.4020740247188443,1.4391916761462547,1.3451762526119206,1.2421373575816719,1.1818542139935873,1.3280403971649477,1.7876892039837409,1.3280403971649477,2.032157459031089
11,LIN,19.0,MEDIUM>HARD,0.9689999999999941,1.1872020202020204,1.1872020202020204,1.1974850008274966,1.2185267694069644,1.1448779832375124,1.2035416443560307,1.1113035944748837,1.2231126944657509,1.6427248626811575,1.2231126944657509,2.032157459031089
11,NOR,16.0,MEDIUM>HARD,0.998666666666665,1.1872020202020204,1.1872020202020204,1.1974850008274966,1.2257639060811332,1.2957200696406797,1.036798866886928,1.0146504476663625,1.0123521162931484,1.7228835132870417,1.0123521162931484,2.032157459031089
11,NOR,38.0,HARD>HARD,1.590999999999994,1.1872020202020204,1.1872020202020204,1.5870433938007,1.5967013412404754,1.2304606349045109,0.8277084152374332,0.8143721749224806,1.03306482477596,1.7331452585570264,1.03306482477596,2.032157459031089
11,NOR,55.0,HARD>SOFT,0.7706666666666706,1.1872020202020204,1.1872020202020204,1.4020740247188443,1.4464288128204235,1.3957451285026785,1.1763573414769708,1.1198789837416057,1.250729078636489,1.7915502357960797,1.250729078636489,2.032157459031089
11,OCO,16.0,MEDIUM>HARD,1.6373333333333164,1.1872020202020204,1.1872020202020204,1.1974850008274966,1.2257639060811332,1.2009183080886783,1.1803255352416806,1.1706407827914977,1.1978825953668664,1.6889214606715384,1.1978825953668664,2.032157459031089
11,OCO,34.0,HARD>HARD,0.8783333333333303,1.1872020202020204,1.1872020202020204,1.5870433938007,1.6098840083572217,2.1237211318862634,2.4622373665876514,2.2053523628088687,2.623658476019254,1.6711053471309087,2.623658476019254,2.032157459031089
11,PIA,15.0,MEDIUM>HARD,0.47433333333333394,1.1872020202020204,1.1872020202020204,1.1974850008274966,1.2269985677887933,1.190592528290532,0.9384550076001902,0.9031955907966461,0.9248819348693804,1.6519507551737496,0.9248819348693804,2.032157459031089
11,PIA,32.0,HARD>HARD,1.2906666666666666,1.1872020202020204,1.1872020202020204,1.5870433938007,1.6117075286567468,1.5527711549935213,1.4934846092746632,1.2835433785865815,1.6619923241083865,1.8070203923284263,1.6619923241083865,2.032157459031089
11,RUS,26.0,MEDIUM>HARD,2.2809999999999917,1.1872020202020204,1.1872020202020204,1.1974850008274966,1.1810300664519737,1.3721849117454914,1.3852134488355117,1.3362286372647814,1.3802196741012622,1.612662519935122,1.3802196741012622,2.032157459031089
11,RUS,53.0,HARD>HARD,2.527000000000001,1.1872020202020204,1.1872020202020204,1.5870433938007,1.5669736890275872,1.3660980363130122,1.0787181158059447,0.9634865016729619,1.2638503155186462,1.595592938658516,1.2638503155186462,2.032157459031089
11,SAI,17.0,SOFT>MEDIUM,1.2560000000000144,1.1872020202020204,1.1872020202020204,0.27048849620096926,0.3208692116601666,0.10368666578625374,0.14555814354669505,0.6185870382594962,-0.014790082335274235,1.21573228711333,-0.014790082335274235,2.032157459031089
11,SAI,42.0,MEDIUM>SOFT,1.9456666666666678,1.1872020202020204,1.1872020202020204,0.48438804725595563,0.5281102735800722,-0.09496838963354981,0.35099305060109215,0.6330483749065827,0.24302399003034947,1.1198750256162604,0.24302399003034947,2.032157459031089
11,SAI,53.0,SOFT>SOFT,1.2439999999999856,1.1872020202020204,1.1872020202020204,1.1371144018382162,1.169949643166431,1.6102836034314896,1.3407484995666026,1.5412393263456146,1.032394004062311,1.5905096315081182,1.032394004062311,2.032157459031089
11,STR,7.0,SOFT>MEDIUM,0.9923333333333346,1.1872020202020204,1.1872020202020204,0.27048849620096926,0.312605778021506,0.219994538085856,0.22832971200128716,0.7586765198335251,0.07271915552634078,1.2228820624871282,0.07271915552634078,2.032157459031089
11,STR,36.0,MEDIUM>SOFT,1.6046666666666454,1.1872020202020204,1.1872020202020204,0.48438804725595563,0.49843956589111504,1.313692829792441,1.2797412980534482,1.7119110282210355,1.094179321390068,1.1518497984872722,1.094179321390068,2.032157459031089
11,VER,13.0,MEDIUM>HARD,0.4613333333333429,1.1872020202020204,1.1872020202020204,1.1974850008274966,1.22770131542852,1.3171904383960134,1.0951415187650524,1.0837523941444034,1.074455485801919,1.6457518511303073,1.074455485801919,2.032157459031089
12,ALB,25.0,HARD>HARD,0.9423333333333233,1.2555280112044815,1.2555280112044815,1.6883883957757884,1.687276859299108,1.4680743043254474,1.371319952442908,1.2415642921332524,1.5276140803439446,1.066821631026394,1.5276140803439446,1.7453251426859238
12,ALB,48.0,HARD>MEDIUM,1.3896666666666562,1.2555280112044815,1.2555280112044815,1.6959922270800032,1.7211591186561965,1.1436421866350455,1.0776889404935102,1.0441477358936322,1.1511039052268437,1.3082605979446087,1.1511039052268437,1.7453251426859238
12,ALO,33.0,SOFT>HARD,0.39100000000000534,1.2555280112044815,1.2555280112044815,1.5017345574355587,1.4405164019369248,1.2303383221110835,1.2296818096688285,1.1675024865682522,1.2956251187611267,0.842812792085064,1.2956251187611267,1.7453251426859238
12,ANT,20.0,MEDIUM>HARD,1.3910000000000053,1.2555280112044815,1.2555280112044815,1.2387486754017938,1.256194786978262,1.329397258254072,1.154272313662235,1.1111390432185515,1.1398477012660462,0.9988982194495695,1.1398477012660462,1.7453251426859238
12,ANT,39.0,HARD>HARD,0.8123333333333278,1.2555280112044815,1.2555280112044815,1.6883883957757884,1.703493455121544,1.5224154864720498,1.2546151285130778,1.154502982931068,1.3799094023558127,0.9340271631753158,1.3799094023558127,1.7453251426859238
12,BOR,10.0,SOFT>MEDIUM,1.0156666666666467,1.2555280112044815,1.2555280112044815,0.4324344044227799,0.47155593082008296,0.33941229701543096,0.26119906008072635,0.7163855499013718,0.13240117575059296,0.44568792372047006,0.13240117575059296,1.7453251426859238
12,BOR,33.0,MEDIUM>HARD,1.7376666666666551,1.2555280112044815,1.2555280112044815,1.2387486754017938,1.2490361302496669,1.063382374105348,0.9296065811752889,0.9825784139709657,0.952013485413853,0.6606653667371181,0.952013485413853,1.7453251426859238
12,BOT,27.0,HARD>HARD,1.7966666666666526,1.2555280112044815,1.2555280112044815,1.6883883957757884,1.6760860921727898,1.5203336492162483,1.8270136007718647,1.5920458914121727,1.987413208644524,1.01153501906562,1.987413208644524,1.7453251426859238
12,COL,20.0,MEDIUM>HARD,2.715666666666678,1.2555280112044815,1.2555280112044815,1.2387486754017938,1.2606653701083745,1.3740991608470643,1.7690323254682834,1.6400050991801631,1.7714579494484126,1.031295699584238,1.7714579494484126,1.7453251426859238
12,COL,44.0,HARD>SOFT,1.8796666666666795,1.2555280112044815,1.2555280112044815,1.4626566266450043,1.4764689847765613,1.420159123238129,1.124922750023901,1.0995415300881735,1.213241946229766,0.996877340473733,1.213241946229766,1.7453251426859238
12,GAS,17.0,MEDIUM>HARD,0.24833333333333485,1.2555280112044815,1.2555280112044815,1.2387486754017938,1.2606653701083745,1.2738191679528992,1.3581594315375887,1.2939565079215998,1.3582651648898865,0.9153059414833541,1.3582651648898865,1.7453251426859238
12,GAS,45.0,HARD>MEDIUM,1.63600000000001,1.2555280112044815,1.2555280112044815,1.6959922270800032,1.6915021548413498,1.5320114512234173,1.3177912845522384,1.2047995301991792,1.3648479052581188,1.2750562041127804,1.3648479052581188,1.7453251426859238
12,HAM,24.0,SOFT>HARD,1.9906666666666553,1.2555280112044815,1.2555280112044815,1.5017345574355587,1.4902171449067723,1.282890098467063,0.9877755986775218,0.9303008317270511,1.0259627355717882,1.102873142686042,1.0259627355717882,1.7453251426859238
12,HUL,18.0,SOFT>SOFT,-0.2513333333333492,1.2555280112044815,1.2555280112044815,1.1919799199566719,1.2127168306945628,1.1414193600206088,0.9442747177053317,1.0908398583151542,0.7469133357805195,1.032288652651643,0.7469133357805195,1.7453251426859238
12,HUL,47.0,SOFT>HARD,0.05366666666665765,1.2555280112044815,1.2555280112044815,1.5017345574355587,1.4683908562201409,1.3844413157277096,1.2831014304037422,1.2411950003216732,1.324401668829898,1.0429500775914478,1.324401668829898,1.7453251426859238
12,LAW,20.0,SOFT>MEDIUM,1.403333333333336,1.2555280112044815,1.2555280112044815,0.4324344044227799,0.4770774694527353,0.5651700087677942,0.5716657944675816,0.8643388372917853,0.4079986541188749,0.568870407637315,0.4079986541188749,1.7453251426859238
12,LAW,46.0,MEDIUM>MEDIUM,2.0123333333333306,1.2555280112044815,1.2555280112044815,0.721761713743117,0.7200639440947566,1.2439534549382167,1.2532817693768277,1.4645240367941792,0.9703447651826314,0.4206232022551127,0.9703447651826314,1.7453251426859238
12,LEC,20.0,SOFT>MEDIUM,1.5660000000000167,1.2555280112044815,1.2555280112044815,0.4324344044227799,0.4770774694527353,0.4002436385749799,0.05284714363297338,0.46928873681890515,-0.09879957235789338,0.568870407637315,-0.09879957235789338,1.7453251426859238
12,LEC,42.0,MEDIUM>HARD,1.5546666666666482,1.2555280112044815,1.2555280112044815,1.2387486754017938,1.2529514678137748,1.26281049725719,1.171051315661312,1.112161957923204,1.1417585985002436,0.7863527910684212,1.1417585985002436,1.7453251426859238
12,LIN,35.0,MEDIUM>HARD,0.8196666666666488,1.2555280112044815,1.2555280112044815,1.2387486754017938,1.1935207673504657,1.478311151693239,1.3972158221550042,1.470288873108549,1.4145214665839938,0.6477974425599409,1.4145214665839938,1.7453251426859238
12,NOR,20.0,SOFT>HARD,1.4639999999999986,1.2555280112044815,1.2555280112044815,1.5017345574355587,1.5099106055609264,1.5237532378650682,1.2509988539344943,1.1897011943819191,1.2782622168166562,1.194915966595812,1.2782622168166562,1.7453251426859238
12,NOR,46.0,HARD>HARD,2.392333333333326,1.2555280112044815,1.2555280112044815,1.6883883957757884,1.6760860921727898,1.5653395880895267,1.3525695426978863,1.218889766874213,1.4778161758470445,1.032364503611645,1.4778161758470445,1.7453251426859238
12,OCO,15.0,SOFT>HARD,-0.2540000000000049,1.2555280112044815,1.2555280112044815,1.5017345574355587,1.5194070173871568,1.3293479514980417,1.310763906350474,1.2514712825871561,1.361727083660301,1.083152686586625,1.361727083660301,1.7453251426859238
12,OCO,35.0,HARD>HARD,1.3559999999999945,1.2555280112044815,1.2555280112044815,1.6883883957757884,1.7015941727562978,1.877130349744124,2.075505927662258,1.8505785952523819,2.201669797628172,0.902960475628996,2.201669797628172,1.7453251426859238
12,PER,28.0,HARD>HARD,2.103666666666669,1.2555280112044815,1.2555280112044815,1.6883883957757884,1.6694826810102001,1.4198384563251678,1.5748226146817907,1.4548434222451514,1.752961215281827,0.9794220836933567,1.752961215281827,1.7453251426859238
12,PIA,17.0,HARD>HARD,1.1583333333333456,1.2555280112044815,1.2555280112044815,1.6883883957757884,1.705159191819559,1.5032973586797507,1.2879691499209507,1.1785656669087379,1.4227111112158504,1.1644644538979672,1.4227111112158504,1.7453251426859238
12,PIA,43.0,HARD>SOFT,1.8856666666666513,1.2555280112044815,1.2555280112044815,1.4626566266450043,1.465278217650243,1.436306501502321,1.1734272183018428,1.080908175961121,1.242049811469715,0.9606206515718161,1.242049811469715,1.7453251426859238
12,RUS,16.0,MEDIUM>HARD,1.2576666666666654,1.2555280112044815,1.2555280112044815,1.2387486754017938,1.2624478796400052,1.2451897098384093,1.1167232262930473,1.078087561995226,1.103774380115598,0.9146784632519959,1.103774380115598,1.7453251426859238
12,RUS,39.0,HARD>HARD,1.0486666666666622,1.2555280112044815,1.2555280112044815,1.6883883957757884,1.6918642152628363,1.6955065399663645,1.4693612101604039,1.3865186253249533,1.5968792365931177,0.9389034641655322,1.5968792365931177,1.7453251426859238
12,SAI,29.0,SOFT>HARD,0.7596666666666749,1.2555280112044815,1.2555280112044815,1.5017345574355587,1.4763383041819718,1.6728619416176331,1.856276944075282,1.7708267894319116,1.9052933266090648,0.911803892470652,1.9052933266090648,1.7453251426859238
12,STR,14.0,SOFT>HARD,0.5866666666666731,1.2555280112044815,1.2555280112044815,1.5017345574355587,1.5149078156549713,1.2601033987489925,1.2019899114045305,1.201419188660748,1.2596779270200282,0.9777567082351121,1.2596779270200282,1.7453251426859238
12,STR,34.0,HARD>HARD,1.7000000000000028,1.2555280112044815,1.2555280112044815,1.6883883957757884,1.7015941727562978,1.5078673846312767,1.6101580800671098,1.3729304325986995,1.7514584918423388,0.9225106849394413,1.7514584918423388,1.7453251426859238
12,TSU,17.0,SOFT>HARD,0.6586666666666758,1.2555280112044815,1.2555280112044815,1.5017345574355587,1.5192902445535412,1.2016704858296474,1.1914131179329286,1.1264396162883572,1.244099199063161,1.1106511632219387,1.244099199063161,1.7453251426859238
12,TSU,42.0,HARD>SOFT,0.264333333333326,1.2555280112044815,1.2555280112044815,1.4626566266450043,1.4712096104132124,1.3355151415197373,1.2183665094057936,1.1433522683142525,1.3008553371490008,0.9809036610876833,1.3008553371490008,1.7453251426859238
