Round,Event,Driver,PitLap,InLap,t_inlap,t_outlap,t_old,t_new,pit_loss_s,green
1,Australian Grand Prix,NOR,10.0,11.0,103.391,118.075,85.411,83.97633333333333,52.07866666666668,False
1,Australian Grand Prix,NOR,33.0,34.0,112.732,89.434,84.31966666666666,83.39833333333333,34.44800000000001,False
1,Australian Grand Prix,GAS,10.0,11.0,104.821,118.072,85.69133333333333,85.087,52.114666666666665,False
1,Australian Grand Prix,PER,17.0,18.0,126.084,103.359,89.343,87.61166666666668,52.488333333333316,False
1,Australian Grand Prix,PER,42.0,43.0,105.049,93.422,88.791,86.82633333333332,22.853666666666683,True
1,Australian Grand Prix,LEC,24.0,25.0,97.834,89.317,83.51733333333333,83.06066666666666,20.573000000000008,True
1,Australian Grand Prix,STR,10.0,11.0,132.251,118.206,87.77666666666669,87.08333333333333,75.597,False
1,Australian Grand Prix,STR,25.0,26.0,118.866,97.514,87.88866666666667,86.51799999999999,41.97333333333334,True
1,Australian Grand Prix,ALB,10.0,12.0,125.578,112.348,85.77199999999999,86.28266666666666,65.87133333333335,False
1,Australian Grand Prix,ALB,32.0,33.0,110.03,90.918,86.48466666666667,84.62433333333333,29.839000000000013,False
1,Australian Grand Prix,VER,17.0,18.0,108.547,116.349,84.48700000000001,83.52,56.888999999999996,False
1,Australian Grand Prix,VER,40.0,41.0,98.866,87.991,84.074,82.35466666666666,20.42833333333334,True
1,Australian Grand Prix,LAW,10.0,11.0,110.026,130.384,85.88799999999999,87.31433333333332,67.20766666666667,False
1,Australian Grand Prix,LAW,32.0,33.0,114.107,90.927,85.76966666666665,85.55933333333333,33.70500000000003,False
1,Australian Grand Prix,OCO,10.0,11.0,105.949,116.405,85.40433333333334,85.36433333333333,51.585333333333324,False
1,Australian Grand Prix,LIN,17.0,18.0,108.224,117.225,85.29033333333332,84.632,55.52666666666667,False
1,Australian Grand Prix,COL,45.0,46.0,102.911,90.309,85.18666666666665,83.302,24.73133333333334,True
1,Australian Grand Prix,HAM,27.0,28.0,99.578,89.135,83.835,83.26266666666668,21.61533333333334,True
1,Australian Grand Prix,BOR,17.0,18.0,110.359,115.679,84.95333333333333,84.891,56.19366666666666,False
1,Australian Grand Prix,BOR,32.0,33.0,104.235,93.286,84.165,83.78033333333333,29.575666666666663,False
1,Australian Grand Prix,SAI,10.0,11.0,106.912,116.846,85.82033333333334,84.897,53.04066666666667,False
1,Australian Grand Prix,SAI,32.0,33.0,119.861,93.021,87.04,84.96499999999999,40.87700000000001,False
1,Australian Grand Prix,SAI,44.0,45.0,116.391,91.589,85.39233333333334,84.16633333333333,38.42133333333334,True
1,Australian Grand Prix,RUS,11.0,12.0,125.94,117.659,84.68566666666668,82.83766666666666,76.07566666666666,False
1,Australian Grand Prix,BEA,17.0,18.0,107.604,116.677,84.644,84.46966666666667,55.16733333333333,False
2,Chinese Grand Prix,HUL,34.0,35.0,104.913,132.21,98.16166666666668,96.63866666666668,42.32266666666665,True
2,Chinese Grand Prix,OCO,45.0,46.0,103.55,140.887,98.91666666666669,96.54466666666669,48.975666666666626,True
2,Chinese Grand Prix,LIN,41.0,42.0,103.637,117.028,98.70966666666668,96.18033333333334,25.77499999999999,True
2,Chinese Grand Prix,COL,31.0,32.0,102.819,124.117,98.25366666666667,97.013,31.669333333333327,False
3,Japanese Grand Prix,NOR,15.0,16.0,98.222,114.481,95.24433333333332,94.324,23.134666666666675,True
3,Japanese Grand Prix,LEC,16.0,17.0,97.448,114.337,95.505,94.27466666666668,22.005333333333326,True
3,Japanese Grand Prix,LIN,17.0,18.0,99.196,118.75,96.888,96.09666666666664,24.961333333333357,True
3,Japanese Grand Prix,COL,16.0,17.0,99.258,116.885,96.81733333333334,96.394,22.931666666666658,True
3,Japanese Grand Prix,PIA,17.0,18.0,97.327,114.537,94.902,94.366,22.596000000000004,True
4,Miami Grand Prix,NOR,26.0,27.0,98.504,107.153,93.17866666666669,92.589,19.889333333333326,True
4,Miami Grand Prix,PER,28.0,29.0,102.282,109.853,96.52733333333332,95.09499999999998,20.51266666666669,True
4,Miami Grand Prix,ANT,25.0,26.0,97.884,105.601,92.95466666666668,92.485,18.045333333333318,True
4,Miami Grand Prix,ALO,40.0,41.0,101.789,109.347,96.99366666666668,94.552,19.590333333333305,True
4,Miami Grand Prix,LEC,20.0,21.0,98.504,108.975,93.64,93.48666666666666,20.352333333333334,True
4,Miami Grand Prix,STR,20.0,21.0,101.443,110.529,96.804,96.15066666666668,19.017333333333312,True
4,Miami Grand Prix,STR,36.0,37.0,101.024,109.547,96.79333333333334,95.07133333333331,18.706333333333347,True
4,Miami Grand Prix,ALB,26.0,27.0,99.764,107.798,95.328,93.832,18.402,True
4,Miami Grand Prix,OCO,30.0,31.0,100.336,109.454,95.46233333333332,93.87766666666668,20.44999999999999,True
4,Miami Grand Prix,LIN,27.0,28.0,100.923,109.027,95.981,94.20366666666666,19.765333333333345,True
4,Miami Grand Prix,COL,30.0,31.0,99.432,108.726,94.302,93.089,20.766999999999996,True
4,Miami Grand Prix,HAM,26.0,27.0,99.396,107.869,94.41033333333333,92.75066666666667,20.104,True
4,Miami Grand Prix,BOR,31.0,32.0,100.472,108.829,95.08433333333332,93.68366666666668,20.532999999999987,True
4,Miami Grand Prix,SAI,27.0,28.0,99.86,108.534,95.425,93.358,19.611000000000004,True
4,Miami Grand Prix,RUS,19.0,20.0,99.114,105.973,93.97366666666666,93.58366666666666,17.529666666666685,True
4,Miami Grand Prix,BOT,20.0,21.0,102.797,111.648,97.175,96.75733333333334,20.51266666666666,True
4,Miami Grand Prix,BOT,29.0,30.0,102.584,108.779,96.567,98.42900000000002,16.36699999999999,True
4,Miami Grand Prix,PIA,27.0,28.0,98.991,107.494,94.19066666666669,92.262,20.032333333333312,True
4,Miami Grand Prix,BEA,25.0,26.0,99.688,108.534,95.55033333333334,93.882,18.789666666666662,True
5,Canadian Grand Prix,PER,14.0,15.0,96.181,84.198,78.75533333333334,78.98833333333333,22.63533333333332,True
5,Canadian Grand Prix,PER,28.0,29.0,112.109,108.011,78.18966666666665,79.53766666666667,62.39266666666667,False
5,Canadian Grand Prix,ANT,29.0,31.0,119.239,101.101,76.05,77.21866666666666,67.07133333333334,False
5,Canadian Grand Prix,LEC,29.0,31.0,125.485,95.42,76.28233333333334,76.97433333333333,67.64833333333333,False
5,Canadian Grand Prix,STR,48.0,49.0,96.887,105.68,80.72033333333333,79.87133333333334,41.97533333333334,False
5,Canadian Grand Prix,HUL,19.0,20.0,100.437,82.641,77.95433333333334,77.85966666666667,27.263999999999996,True
5,Canadian Grand Prix,VER,29.0,31.0,119.102,100.342,76.206,77.27,65.968,False
5,Canadian Grand Prix,OCO,15.0,16.0,98.391,85.162,79.063,78.89433333333334,25.595666666666673,True
5,Canadian Grand Prix,OCO,28.0,30.0,130.988,88.276,78.66866666666665,79.34566666666666,61.249666666666684,False
5,Canadian Grand Prix,COL,29.0,30.0,108.947,105.337,77.08133333333332,77.98466666666667,59.21800000000002,False
5,Canadian Grand Prix,HAM,29.0,31.0,122.954,96.411,76.323,76.74833333333333,66.29366666666667,False
5,Canadian Grand Prix,BOR,17.0,18.0,94.414,85.108,77.78566666666666,79.06,22.676333333333346,False
5,Canadian Grand Prix,SAI,28.0,30.0,116.283,104.583,76.901,79.04466666666667,64.92033333333333,False
5,Canadian Grand Prix,HAD,29.0,31.0,117.518,96.382,76.68,77.50866666666666,59.71133333333334,False
5,Canadian Grand Prix,HAD,51.0,52.0,110.309,97.681,75.58333333333333,76.26066666666667,56.146,False
5,Canadian Grand Prix,HAD,60.0,62.0,102.996,79.543,75.00699999999999,75.54633333333334,31.985666666666674,True
5,Canadian Grand Prix,BOT,27.0,29.0,121.776,89.383,79.78899999999999,80.09233333333333,51.277666666666676,False
5,Canadian Grand Prix,BOT,48.0,49.0,119.523,99.569,79.35199999999999,81.99066666666666,57.749333333333354,False
5,Canadian Grand Prix,PIA,11.0,12.0,109.686,83.843,77.561,78.05766666666666,37.91033333333334,False
5,Canadian Grand Prix,PIA,50.0,51.0,120.121,95.146,76.37266666666666,77.40666666666667,61.48766666666667,False
5,Canadian Grand Prix,BEA,28.0,30.0,133.826,101.901,77.521,78.63600000000001,79.56999999999998,False
6,Monaco Grand Prix,GAS,44.0,45.0,97.189,83.643,78.78066666666668,79.205,22.84633333333332,True
6,Monaco Grand Prix,ANT,36.0,37.0,93.595,82.214,76.58266666666667,76.54299999999999,22.683333333333337,True
6,Monaco Grand Prix,LEC,34.0,35.0,96.5,83.426,77.83066666666666,77.031,25.064333333333337,True
6,Monaco Grand Prix,ALB,42.0,43.0,99.0,82.343,79.66866666666667,82.83533333333334,18.839,True
6,Monaco Grand Prix,HUL,11.0,12.0,94.679,80.349,79.279,76.39966666666666,19.349333333333348,True
6,Monaco Grand Prix,LAW,43.0,44.0,97.323,84.98,79.74833333333333,78.26633333333332,24.28833333333334,True
6,Monaco Grand Prix,OCO,8.0,9.0,97.26,81.954,79.53699999999999,77.65433333333334,22.022666666666666,True
6,Monaco Grand Prix,COL,34.0,35.0,99.849,81.423,80.33033333333333,78.109,22.832666666666682,True
6,Monaco Grand Prix,HAM,27.0,28.0,94.17,80.829,77.98233333333333,76.921,20.09566666666666,True
6,Monaco Grand Prix,BOR,42.0,43.0,98.02,81.76,81.32533333333333,77.02633333333334,21.428333333333327,True
6,Monaco Grand Prix,SAI,51.0,52.0,96.576,81.892,78.095,79.726,20.64699999999999,True
6,Monaco Grand Prix,HAD,31.0,32.0,96.191,85.121,78.78366666666666,78.16199999999999,24.366333333333344,True
6,Monaco Grand Prix,RUS,30.0,31.0,95.32,80.775,78.74433333333333,76.84466666666667,20.506,True
6,Monaco Grand Prix,PIA,47.0,48.0,96.741,83.646,79.528,77.49166666666666,23.367333333333335,True
7,Barcelona Grand Prix,NOR,12.0,13.0,87.846,100.651,83.44600000000001,82.069,22.981999999999985,True
7,Barcelona Grand Prix,NOR,34.0,35.0,87.299,99.962,83.187,80.83633333333334,23.23766666666667,True
7,Barcelona Grand Prix,GAS,13.0,14.0,89.745,102.799,85.85266666666666,83.25733333333334,23.43400000000001,True
7,Barcelona Grand Prix,GAS,38.0,40.0,108.52,103.4,85.385,81.894,44.64099999999999,False
7,Barcelona Grand Prix,PER,11.0,12.0,91.348,106.469,86.87333333333333,84.77266666666667,26.170999999999992,True
7,Barcelona Grand Prix,PER,30.0,31.0,91.808,105.237,86.83933333333334,84.39766666666667,25.807999999999993,True
7,Barcelona Grand Prix,PER,37.0,39.0,112.623,106.284,85.00566666666667,84.35866666666666,49.542666666666676,False
7,Barcelona Grand Prix,ANT,13.0,14.0,87.034,100.87,83.50433333333335,81.84666666666668,22.552999999999983,True
7,Barcelona Grand Prix,ANT,36.0,37.0,85.693,100.095,82.93400000000001,80.90466666666667,21.949333333333314,True
7,Barcelona Grand Prix,ALO,20.0,21.0,93.829,105.173,87.90066666666667,85.71866666666665,25.38266666666668,True
7,Barcelona Grand Prix,LEC,15.0,16.0,87.915,101.974,83.84833333333334,81.97866666666665,24.062000000000012,True
7,Barcelona Grand Prix,LEC,38.0,39.0,88.314,114.194,83.10233333333333,80.78866666666666,38.617000000000004,False
7,Barcelona Grand Prix,ALB,12.0,13.0,90.373,106.18,86.53666666666668,84.99766666666666,25.018666666666675,True
7,Barcelona Grand Prix,HUL,12.0,13.0,89.911,104.738,85.52766666666666,84.45733333333334,24.664,True
7,Barcelona Grand Prix,VER,11.0,12.0,88.494,101.097,84.153,82.00633333333333,23.431666666666658,True
7,Barcelona Grand Prix,VER,28.0,29.0,87.242,102.514,83.33466666666668,81.49566666666668,24.925666666666643,True
7,Barcelona Grand Prix,VER,39.0,40.0,92.671,120.78,81.96733333333333,80.485,50.99866666666668,False
7,Barcelona Grand Prix,LAW,10.0,11.0,89.068,106.877,85.261,84.50733333333334,26.176666666666662,True
7,Barcelona Grand Prix,LAW,34.0,35.0,89.233,103.904,85.23666666666666,84.2,23.700333333333333,True
7,Barcelona Grand Prix,OCO,12.0,13.0,91.048,104.509,86.69266666666665,84.34166666666665,24.522666666666694,True
7,Barcelona Grand Prix,OCO,33.0,34.0,91.087,106.543,86.64166666666665,83.192,27.796333333333365,True
7,Barcelona Grand Prix,LIN,21.0,22.0,90.108,104.347,86.382,83.96766666666667,24.10533333333332,True
7,Barcelona Grand Prix,COL,11.0,12.0,89.443,104.099,85.99866666666667,83.949,23.59433333333334,True
7,Barcelona Grand Prix,COL,33.0,34.0,88.651,102.632,85.00533333333334,84.21600000000001,22.061666666666653,True
7,Barcelona Grand Prix,HAM,10.0,11.0,87.828,100.8,83.46300000000001,81.80633333333334,23.35866666666665,True
7,Barcelona Grand Prix,HAM,26.0,27.0,87.024,99.857,83.16166666666668,80.756,22.963333333333324,True
7,Barcelona Grand Prix,HAM,39.0,41.0,110.885,101.055,81.39933333333333,80.18833333333333,50.35233333333335,False
7,Barcelona Grand Prix,BOR,14.0,15.0,89.806,104.821,86.70566666666666,83.64800000000001,24.273333333333326,True
7,Barcelona Grand Prix,BOR,32.0,33.0,89.825,103.826,86.832,83.663,23.156000000000006,True
7,Barcelona Grand Prix,BOR,52.0,53.0,88.318,105.439,84.07633333333332,81.919,27.76166666666667,True
7,Barcelona Grand Prix,SAI,13.0,14.0,89.888,104.877,86.337,84.24433333333333,24.183666666666667,True
7,Barcelona Grand Prix,SAI,29.0,30.0,88.745,105.059,85.39299999999999,84.027,24.384000000000015,True
7,Barcelona Grand Prix,SAI,54.0,55.0,89.059,103.794,84.53333333333335,82.19866666666667,26.12099999999998,True
7,Barcelona Grand Prix,HAD,14.0,15.0,88.08,102.237,85.15066666666667,82.28133333333334,22.88499999999999,True
7,Barcelona Grand Prix,HAD,31.0,32.0,87.725,101.002,84.16799999999999,81.78833333333334,22.770666666666656,True
7,Barcelona Grand Prix,RUS,11.0,12.0,87.454,100.974,83.46966666666667,81.97433333333333,22.983999999999995,True
7,Barcelona Grand Prix,RUS,35.0,36.0,87.737,99.632,83.00233333333334,80.84266666666667,23.523999999999987,True
7,Barcelona Grand Prix,PIA,13.0,14.0,88.542,102.741,84.07099999999998,82.34633333333333,24.865666666666684,True
7,Barcelona Grand Prix,PIA,35.0,36.0,86.917,102.367,83.16033333333333,81.75733333333334,24.366333333333344,True
7,Barcelona Grand Prix,BEA,17.0,18.0,91.2,104.483,86.24533333333333,84.47599999999998,24.961666666666687,True
8,Austrian Grand Prix,NOR,20.0,21.0,78.354,90.005,73.78866666666667,71.82966666666665,22.74066666666667,True
8,Austrian Grand Prix,NOR,46.0,47.0,76.801,88.64,72.36399999999999,71.00966666666666,22.06733333333335,True
8,Austrian Grand Prix,GAS,12.0,13.0,79.306,90.469,75.22833333333334,73.192,21.35466666666666,True
8,Austrian Grand Prix,GAS,37.0,38.0,78.051,89.337,73.87433333333334,72.37766666666667,21.135999999999996,True
8,Austrian Grand Prix,GAS,50.0,51.0,78.808,91.156,72.83466666666666,72.63366666666667,24.49566666666668,False
8,Austrian Grand Prix,ANT,23.0,24.0,78.234,113.381,73.29733333333333,71.60966666666667,46.708,False
8,Austrian Grand Prix,ANT,50.0,51.0,76.579,96.107,72.02699999999999,70.43266666666666,30.226333333333343,False
8,Austrian Grand Prix,ALO,22.0,24.0,92.536,109.372,76.23233333333333,75.10366666666665,50.57200000000002,False
8,Austrian Grand Prix,ALO,48.0,49.0,80.214,108.485,75.71900000000001,73.264,39.715999999999994,False
8,Austrian Grand Prix,LEC,12.0,13.0,77.722,89.806,73.329,72.77666666666666,21.42233333333334,True
8,Austrian Grand Prix,LEC,36.0,37.0,78.434,88.302,72.36466666666666,71.45566666666667,22.915666666666667,True
8,Austrian Grand Prix,LEC,58.0,59.0,78.286,89.606,72.91866666666667,70.968,24.005333333333326,True
8,Austrian Grand Prix,STR,22.0,24.0,97.078,108.627,76.61133333333332,75.00833333333334,54.08533333333334,False
8,Austrian Grand Prix,ALB,17.0,18.0,78.858,91.904,74.96966666666667,73.889,21.903333333333336,True
8,Austrian Grand Prix,ALB,36.0,37.0,78.04,91.91,74.382,73.44633333333333,22.12166666666667,True
8,Austrian Grand Prix,HUL,20.0,21.0,78.389,90.115,74.53566666666666,72.93499999999999,21.033333333333346,True
8,Austrian Grand Prix,HUL,44.0,45.0,77.06,89.611,73.01800000000001,72.41166666666668,21.241333333333316,True
8,Austrian Grand Prix,VER,17.0,18.0,76.633,88.537,72.70800000000001,71.791,20.670999999999992,True
8,Austrian Grand Prix,VER,48.0,49.0,77.001,87.513,72.56366666666666,70.69433333333335,21.256,True
8,Austrian Grand Prix,LAW,18.0,19.0,78.467,91.043,74.349,73.13466666666666,22.02633333333334,True
8,Austrian Grand Prix,LAW,44.0,45.0,78.081,89.493,73.63566666666667,72.127,21.811333333333337,True
8,Austrian Grand Prix,OCO,17.0,18.0,79.724,91.801,75.44066666666667,74.16066666666667,21.923666666666662,True
8,Austrian Grand Prix,OCO,32.0,33.0,78.946,94.072,73.345,73.07,26.60300000000001,True
8,Austrian Grand Prix,LIN,17.0,18.0,77.791,89.66,74.44333333333334,72.89566666666666,20.111999999999995,True
8,Austrian Grand Prix,LIN,45.0,46.0,77.63,90.286,73.95433333333334,72.04766666666667,21.913999999999987,True
8,Austrian Grand Prix,COL,19.0,20.0,79.177,92.123,74.554,72.979,23.76700000000001,True
8,Austrian Grand Prix,COL,45.0,46.0,77.878,90.778,74.305,72.205,22.146,True
8,Austrian Grand Prix,HAM,11.0,12.0,77.539,89.201,73.33366666666666,72.473,20.933333333333337,True
8,Austrian Grand Prix,HAM,23.0,25.0,98.849,101.949,72.75533333333334,71.25333333333333,56.78933333333333,False
8,Austrian Grand Prix,HAM,41.0,42.0,76.494,88.003,72.28266666666667,71.20233333333333,21.012,True
8,Austrian Grand Prix,BOR,16.0,17.0,78.144,90.698,74.29233333333333,72.87299999999999,21.676666666666677,True
8,Austrian Grand Prix,BOR,43.0,44.0,78.407,89.12,74.109,72.19333333333333,21.22466666666668,True
8,Austrian Grand Prix,SAI,13.0,14.0,78.818,91.666,75.28733333333332,74.10366666666665,21.093000000000018,True
8,Austrian Grand Prix,HAD,17.0,18.0,76.939,89.177,73.58033333333334,71.635,20.900666666666652,True
8,Austrian Grand Prix,HAD,39.0,40.0,75.797,87.758,72.45666666666666,71.45700000000001,19.64133333333332,True
8,Austrian Grand Prix,RUS,18.0,19.0,77.085,89.073,72.865,71.538,21.754999999999995,True
8,Austrian Grand Prix,RUS,42.0,43.0,76.208,87.853,72.13133333333333,70.93633333333334,20.993333333333325,True
8,Austrian Grand Prix,PIA,18.0,19.0,78.254,89.535,73.24366666666667,71.48966666666666,23.055666666666667,True
8,Austrian Grand Prix,PIA,41.0,42.0,76.481,88.093,72.05233333333332,70.73066666666666,21.79100000000001,True
8,Austrian Grand Prix,BEA,23.0,24.0,86.766,109.866,75.01766666666667,73.07600000000001,48.53833333333333,False
8,Austrian Grand Prix,BEA,44.0,45.0,78.343,89.486,74.13033333333333,72.83533333333334,20.863333333333344,True
9,British Grand Prix,NOR,27.0,28.0,94.291,114.51,94.58933333333334,93.18366666666668,21.027999999999977,True
9,British Grand Prix,NOR,37.0,38.0,99.35,122.902,93.653,93.02766666666668,35.571333333333314,False
9,British Grand Prix,PER,20.0,21.0,106.363,117.455,97.13066666666668,96.836,29.851333333333315,False
9,British Grand Prix,ALO,19.0,20.0,98.549,125.709,99.35566666666666,98.24666666666668,26.65566666666666,False
9,British Grand Prix,LEC,24.0,25.0,94.043,113.087,94.35466666666666,93.12833333333332,19.647000000000034,True
9,British Grand Prix,STR,17.0,18.0,98.555,117.914,99.36033333333334,98.53833333333334,18.570333333333323,True
9,British Grand Prix,ALB,13.0,14.0,96.301,130.478,99.005,96.495,31.27900000000001,True
9,British Grand Prix,ALB,22.0,23.0,95.696,131.274,96.713,95.187,35.07000000000001,True
9,British Grand Prix,HUL,16.0,17.0,95.32,117.052,95.96999999999998,95.49333333333334,20.908666666666676,True
9,British Grand Prix,VER,16.0,17.0,94.07,113.805,94.626,93.772,19.47699999999999,True
9,British Grand Prix,VER,37.0,38.0,94.716,126.998,93.98733333333332,92.52666666666666,35.20000000000002,False
9,British Grand Prix,LAW,27.0,28.0,94.425,115.256,95.68933333333332,94.16066666666666,19.831000000000017,True
9,British Grand Prix,OCO,20.0,21.0,100.308,133.694,96.744,95.926,41.331999999999994,False
9,British Grand Prix,LIN,26.0,27.0,94.582,115.314,95.622,93.76933333333334,20.50466666666665,True
9,British Grand Prix,COL,20.0,22.0,99.303,116.744,96.03333333333336,94.56833333333331,25.445333333333323,False
9,British Grand Prix,HAM,21.0,23.0,94.245,119.696,94.60066666666668,92.63066666666668,26.709666666666635,True
9,British Grand Prix,BOR,25.0,26.0,95.15,114.633,95.63533333333334,93.832,20.315666666666672,True
9,British Grand Prix,SAI,19.0,20.0,95.516,125.649,96.51033333333334,95.63633333333333,29.018333333333345,False
9,British Grand Prix,HAD,37.0,38.0,102.454,123.195,94.515,92.628,38.505999999999986,False
9,British Grand Prix,RUS,21.0,23.0,93.95,113.703,94.513,92.83933333333334,20.300666666666658,True
9,British Grand Prix,RUS,33.0,34.0,93.43,114.041,94.03,92.52333333333335,20.917666666666648,True
9,British Grand Prix,BOT,28.0,29.0,97.033,120.479,98.008,96.09633333333332,23.407666666666685,True
9,British Grand Prix,PIA,35.0,36.0,94.546,121.405,96.016,93.283,26.652,False
9,British Grand Prix,BEA,28.0,29.0,96.36,116.757,97.04066666666668,94.77166666666666,21.304666666666662,True
10,Belgian Grand Prix,LEC,19.0,20.0,128.966,131.825,111.15566666666666,109.548,40.08733333333333,False
10,Belgian Grand Prix,VER,16.0,17.0,115.718,137.096,111.23366666666668,109.79166666666669,31.788666666666643,False
10,Belgian Grand Prix,HAM,19.0,20.0,131.009,138.908,112.04533333333332,110.04266666666666,47.82899999999999,False
10,Belgian Grand Prix,PIA,19.0,20.0,130.454,129.309,112.363,109.67733333333337,37.72266666666664,False
10,Belgian Grand Prix,HAD,19.0,20.0,134.214,127.242,111.383,109.83533333333332,40.237666666666684,False
10,Belgian Grand Prix,NOR,29.0,30.0,115.056,129.847,111.171,109.39866666666668,24.333333333333314,True
10,Belgian Grand Prix,BOR,19.0,20.0,135.782,124.602,112.21566666666666,110.43733333333334,37.73100000000001,False
10,Belgian Grand Prix,LIN,15.0,16.0,116.679,128.544,112.20166666666668,110.73933333333332,22.28200000000001,True
10,Belgian Grand Prix,COL,14.0,15.0,117.406,127.628,113.1,111.992,19.942000000000007,True
10,Belgian Grand Prix,GAS,13.0,14.0,116.937,127.662,112.299,112.23666666666668,20.06333333333332,True
10,Belgian Grand Prix,LAW,14.0,15.0,116.581,126.99,112.44933333333334,112.30266666666668,18.818999999999974,True
10,Belgian Grand Prix,HUL,19.0,20.0,137.243,128.886,112.14433333333334,111.75566666666668,42.22899999999997,False
10,Belgian Grand Prix,BEA,19.0,20.0,140.849,132.242,113.26533333333334,111.27866666666668,48.546999999999954,False
10,Belgian Grand Prix,ALB,17.0,18.0,129.013,126.644,113.50633333333332,112.17199999999998,29.97866666666671,False
10,Belgian Grand Prix,SAI,13.0,14.0,117.774,140.077,114.01066666666668,112.19733333333332,31.643,True
10,Belgian Grand Prix,OCO,15.0,16.0,118.022,127.396,113.51,112.09633333333332,19.81166666666668,True
10,Belgian Grand Prix,BOT,31.0,32.0,121.245,130.677,114.83666666666666,112.77266666666668,24.312666666666658,True
10,Belgian Grand Prix,ALO,30.0,31.0,124.124,133.039,119.21933333333332,115.55066666666666,22.393,True
11,Hungarian Grand Prix,NOR,16.0,17.0,87.912,105.312,85.69,84.69133333333333,22.842666666666673,True
11,Hungarian Grand Prix,NOR,38.0,39.0,87.437,102.596,84.568,82.977,22.488,False
11,Hungarian Grand Prix,NOR,55.0,56.0,92.344,111.054,84.17566666666666,83.40499999999999,35.81733333333335,False
11,Hungarian Grand Prix,GAS,15.0,16.0,91.103,105.148,88.06700000000001,86.12866666666667,22.05533333333331,True
11,Hungarian Grand Prix,GAS,37.0,39.0,90.776,108.555,87.54866666666665,85.19033333333333,26.592000000000027,True
11,Hungarian Grand Prix,GAS,54.0,55.0,102.183,102.873,85.77266666666667,83.27999999999999,36.00333333333336,False
11,Hungarian Grand Prix,ANT,21.0,22.0,88.51,104.538,85.61466666666666,84.35366666666665,23.079666666666682,True
11,Hungarian Grand Prix,ANT,52.0,53.0,87.057,102.02,84.842,82.45,21.784999999999997,True
11,Hungarian Grand Prix,ALO,33.0,34.0,91.532,105.31,88.50099999999999,86.60266666666666,21.738333333333344,True
11,Hungarian Grand Prix,ALO,54.0,55.0,105.78,104.109,86.12333333333333,84.04599999999999,39.71966666666667,False
11,Hungarian Grand Prix,LEC,15.0,16.0,88.909,104.646,86.06133333333334,84.81533333333334,22.678333333333327,True
11,Hungarian Grand Prix,LEC,35.0,36.0,88.451,104.285,86.14866666666666,84.25233333333334,22.334999999999994,True
11,Hungarian Grand Prix,LEC,55.0,56.0,100.087,102.194,84.753,82.241,35.287000000000006,False
11,Hungarian Grand Prix,STR,7.0,8.0,91.065,104.057,88.13733333333333,87.145,19.839666666666673,True
11,Hungarian Grand Prix,STR,36.0,37.0,90.469,105.698,87.68599999999999,86.08133333333335,22.399666666666647,False
11,Hungarian Grand Prix,ALB,25.0,26.0,91.997,108.303,88.87033333333333,86.68233333333335,24.747333333333316,True
11,Hungarian Grand Prix,ALB,53.0,54.0,92.938,115.515,87.20533333333333,85.90733333333333,35.34033333333335,False
11,Hungarian Grand Prix,HUL,18.0,19.0,90.376,104.492,87.92333333333333,86.88100000000001,20.063666666666663,True
11,Hungarian Grand Prix,HUL,37.0,39.0,88.815,103.396,86.21300000000001,84.887,21.11099999999999,True
11,Hungarian Grand Prix,VER,13.0,14.0,88.509,103.352,85.77233333333334,85.31099999999999,20.777666666666676,True
11,Hungarian Grand Prix,VER,40.0,41.0,88.414,103.103,85.79833333333333,84.28566666666667,21.432999999999993,True
11,Hungarian Grand Prix,LAW,20.0,21.0,90.678,105.587,87.64766666666667,86.069,22.548333333333332,True
11,Hungarian Grand Prix,LAW,41.0,42.0,88.645,103.497,86.55433333333333,85.13499999999999,20.452666666666673,True
11,Hungarian Grand Prix,OCO,16.0,17.0,90.958,106.962,88.74933333333333,87.11200000000001,22.058666666666667,True
11,Hungarian Grand Prix,OCO,34.0,35.0,89.788,108.386,88.16000000000001,87.28166666666668,22.7323333333333,True
11,Hungarian Grand Prix,LIN,19.0,20.0,89.434,104.243,87.871,86.902,18.903999999999996,True
11,Hungarian Grand Prix,COL,14.0,15.0,90.993,107.212,88.58666666666666,86.60833333333333,23.010000000000005,True
11,Hungarian Grand Prix,COL,36.0,37.0,89.389,107.418,88.15599999999999,85.07333333333332,23.577666666666687,False
11,Hungarian Grand Prix,HAM,12.0,13.0,88.64,103.085,85.64533333333333,85.36433333333332,20.715333333333348,True
11,Hungarian Grand Prix,HAM,29.0,30.0,88.24,103.95,85.68533333333333,84.02633333333334,22.478333333333325,True
11,Hungarian Grand Prix,HAM,55.0,56.0,96.308,106.522,84.42933333333333,83.53099999999999,34.86966666666669,False
11,Hungarian Grand Prix,BOR,28.0,29.0,91.099,104.949,87.353,85.57233333333335,23.12266666666666,True
11,Hungarian Grand Prix,SAI,17.0,18.0,90.214,104.718,88.298,87.04199999999999,19.592000000000013,True
11,Hungarian Grand Prix,SAI,42.0,43.0,90.441,112.387,88.146,86.20033333333333,28.48166666666667,True
11,Hungarian Grand Prix,SAI,53.0,54.0,94.129,111.75,86.61099999999999,85.367,33.90100000000001,False
11,Hungarian Grand Prix,HAD,18.0,19.0,91.582,104.672,87.045,84.778,24.430999999999983,True
11,Hungarian Grand Prix,HAD,41.0,42.0,87.928,103.421,86.86366666666667,83.79766666666667,20.687666666666658,True
11,Hungarian Grand Prix,RUS,26.0,27.0,89.524,105.061,86.42233333333333,84.14133333333334,24.021333333333345,True
11,Hungarian Grand Prix,RUS,53.0,54.0,88.032,103.672,85.16066666666667,82.63366666666667,23.909666666666652,False
11,Hungarian Grand Prix,PIA,15.0,16.0,88.518,104.725,85.74966666666667,85.27533333333334,22.21799999999999,True
11,Hungarian Grand Prix,PIA,32.0,33.0,88.013,104.099,85.803,84.51233333333333,21.79666666666668,True
11,Hungarian Grand Prix,BEA,21.0,22.0,91.004,105.84,88.54466666666667,86.49633333333333,21.80300000000001,True
11,Hungarian Grand Prix,BEA,41.0,42.0,89.372,105.916,88.54,86.24033333333334,20.50766666666665,True
12,Dutch Grand Prix,NOR,20.0,21.0,80.58,93.27,77.59033333333333,76.12633333333333,20.133333333333326,True
12,Dutch Grand Prix,NOR,46.0,47.0,79.316,91.669,76.80966666666666,74.41733333333333,19.75800000000001,True
12,Dutch Grand Prix,GAS,17.0,18.0,82.272,95.099,78.91933333333333,78.67099999999999,19.78066666666669,True
12,Dutch Grand Prix,GAS,45.0,46.0,80.672,93.576,78.15133333333334,76.51533333333333,19.58133333333332,True
12,Dutch Grand Prix,PER,28.0,29.0,83.908,94.868,80.277,78.17333333333333,20.325666666666663,True
12,Dutch Grand Prix,ANT,20.0,21.0,80.539,94.203,77.46233333333333,76.07133333333333,21.208333333333343,True
12,Dutch Grand Prix,ANT,39.0,40.0,79.389,92.584,76.75466666666667,75.94233333333334,19.275999999999996,True
12,Dutch Grand Prix,ALO,33.0,34.0,82.686,94.603,79.009,78.618,19.662000000000006,True
12,Dutch Grand Prix,LEC,20.0,21.0,80.974,94.694,77.39966666666668,75.83366666666666,22.434666666666672,True
12,Dutch Grand Prix,LEC,42.0,43.0,80.438,94.081,76.84599999999999,75.29133333333334,22.381666666666675,True
12,Dutch Grand Prix,STR,14.0,15.0,82.655,94.265,79.36166666666666,78.77499999999999,18.783333333333346,True
12,Dutch Grand Prix,STR,34.0,35.0,81.436,93.316,79.83866666666667,78.13866666666667,16.774666666666675,True
12,Dutch Grand Prix,TSU,17.0,18.0,82.11,94.257,78.93733333333334,78.27866666666667,19.150999999999996,True
12,Dutch Grand Prix,TSU,42.0,44.0,81.984,93.216,77.86233333333332,77.598,19.739666666666665,True
12,Dutch Grand Prix,ALB,25.0,26.0,82.112,94.364,79.484,78.54166666666667,18.450333333333333,True
12,Dutch Grand Prix,ALB,48.0,49.0,81.409,94.131,78.63333333333333,77.24366666666667,19.66300000000001,True
12,Dutch Grand Prix,HUL,18.0,19.0,82.05,93.592,78.76466666666666,79.016,17.861333333333334,True
12,Dutch Grand Prix,HUL,47.0,48.0,81.036,93.364,77.91533333333332,77.86166666666666,18.62300000000002,True
12,Dutch Grand Prix,LAW,20.0,21.0,81.99,94.757,78.829,77.42566666666666,20.49233333333335,True
12,Dutch Grand Prix,LAW,46.0,47.0,81.272,93.401,78.10966666666667,76.09733333333334,20.465999999999994,True
12,Dutch Grand Prix,OCO,15.0,16.0,82.727,94.873,79.303,79.557,18.74000000000001,True
12,Dutch Grand Prix,OCO,35.0,36.0,82.702,93.849,79.586,78.23,18.735,True
12,Dutch Grand Prix,LIN,35.0,36.0,84.398,94.648,79.31933333333332,78.49966666666667,21.227000000000004,True
12,Dutch Grand Prix,COL,20.0,21.0,84.369,96.798,80.44500000000001,77.72933333333333,22.992666666666665,True
12,Dutch Grand Prix,COL,44.0,45.0,80.945,93.304,78.51766666666667,76.63799999999999,19.093333333333334,True
12,Dutch Grand Prix,HAM,24.0,25.0,80.979,92.914,77.678,75.68733333333334,20.52766666666666,True
12,Dutch Grand Prix,BOR,10.0,11.0,82.043,93.256,78.96333333333332,77.94766666666668,18.388000000000005,True
12,Dutch Grand Prix,BOR,33.0,34.0,81.813,93.624,79.01333333333332,77.27566666666667,19.14800000000001,True
12,Dutch Grand Prix,SAI,29.0,30.0,83.704,94.79,80.10933333333334,79.34966666666666,19.034999999999997,True
12,Dutch Grand Prix,RUS,16.0,17.0,80.135,93.672,77.68966666666667,76.432,19.685333333333332,True
12,Dutch Grand Prix,RUS,39.0,40.0,79.493,92.107,77.02733333333333,75.97866666666667,18.593999999999994,True
12,Dutch Grand Prix,BOT,27.0,28.0,84.034,98.219,80.79566666666666,78.99900000000001,22.45833333333333,True
12,Dutch Grand Prix,PIA,17.0,18.0,80.638,95.789,77.471,76.31266666666666,22.643333333333345,True
12,Dutch Grand Prix,PIA,43.0,44.0,80.263,93.197,77.52799999999999,75.64233333333334,20.289666666666676,True
