round,driver,lap,issued_s,label_s,control_selection_s,pair,new_compound,old_age,new_age,raw_step_s,control_step_s,relative_step_s,controls,control_n,placebo_relative_s,pretrend_corrected_s,control_mad_s,pre_traffic,post_traffic,pre_mean_s,post_mean_s
1,LEC,24,5881.522,6747.116,6747.116,MEDIUM>HARD,HARD,24,2,0.45666666666666345,-0.14499999999999602,0.6016666666666595,"VER,NOR,ANT,RUS,LIN",5,,,0.1453333333333262,0.12974033333333332,0.086045,83.51733333333333,83.06066666666666
1,STR,25,6078.684,6554.618,6554.618,HARD>SOFT,SOFT,14,2,1.3706666666666791,-0.8036666666666719,2.174333333333351,"PER,SAI,LAW,ALB,COL",5,,,0.7010000000000076,0.08069366666666666,0.09023833333333332,87.88866666666667,86.51799999999999
1,HAM,27,6135.392,6743.473,6743.473,MEDIUM>HARD,HARD,27,2,0.5723333333333187,-0.3333333333333286,0.9056666666666473,"VER,LIN,BEA,NOR,BOR",5,,,0.2150000000000034,0.04975733333333333,0.03999233333333333,83.835,83.26266666666668
1,STR,38,8351.984,8807.915,8807.915,SOFT>SOFT,SOFT,4,2,0.3433333333333479,0.3583333333333485,-0.015000000000000568,"GAS,OCO,SAI,BEA,ALB",5,,,0.32833333333334735,0.046513,0.04280599999999999,86.03333333333335,85.69
1,VER,40,7268.7,8807.915,8807.915,MEDIUM>HARD,HARD,22,2,1.7193333333333385,0.0036666666666604897,1.715666666666678,"LAW,NOR,LEC,RUS,BOR",5,,,0.25933333333333053,0.19860166666666665,0.18600633333333336,84.074,82.35466666666666
1,PER,42,7579.576,8807.915,8807.915,HARD>SOFT,SOFT,24,2,1.9646666666666732,0.7040000000000077,1.2606666666666655,"GAS,ALB,LIN,BEA,OCO",5,0.45100000000002183,0.8096666666666437,0.9463333333333281,0.07322533333333332,0.08959733333333335,88.791,86.82633333333332
1,SAI,44,7698.659,8807.915,8807.915,MEDIUM>SOFT,SOFT,11,2,-2.9769999999999897,0.0940000000000083,-3.070999999999998,"GAS,ALB,BEA,LIN,LAW",5,0.6370000000000005,-3.7079999999999984,0.04399999999999693,0.8633756666666667,0.2787236666666667,85.39233333333334,88.36933333333333
1,COL,45,7782.716,8807.915,8807.915,HARD>SOFT,SOFT,45,2,1.8846666666666465,0.028333333333335986,1.8563333333333105,"ALB,LIN,BEA,OCO,LAW",5,1.2313333333333532,0.6249999999999574,0.034333333333350424,0.048836333333333336,0.42144766666666666,85.18666666666665,83.302
2,LIN,41,7622.713,8160.995,8160.995,HARD>MEDIUM,MEDIUM,41,2,2.5293333333333408,0.3193333333333186,2.210000000000022,"PER,SAI,HAD,BOT,LAW",5,-0.700000000000017,2.910000000000039,0.08900000000001285,,,98.70966666666668,96.18033333333334
2,OCO,45,8029.07,8563.141,8563.141,MEDIUM>SOFT,SOFT,16,2,2.372,-0.0023333333333539485,2.374333333333354,"SAI,HAD,LAW,BOT,BEA",5,-1.2166666666666828,3.5910000000000366,0.13733333333333064,,,98.91666666666667,96.54466666666667
3,BEA,15,5285.536,5837.922,5837.922,MEDIUM>HARD,HARD,15,2,0.8233333333333377,0.2743333333333169,0.5490000000000208,"LAW,ALB,GAS,VER,BOR",5,0.14166666666666572,0.4073333333333551,0.13066666666665583,0.10859466666666667,0.8072186666666666,96.67766666666667,95.85433333333333
3,NOR,15,5257.649,5837.922,5837.922,MEDIUM>HARD,HARD,15,2,0.9203333333333319,0.2743333333333169,0.646000000000015,"ANT,RUS,HAM,VER,GAS",5,-0.03633333333333155,0.6823333333333466,0.1256666666666746,0.39516866666666667,0.218113,95.24433333333333,94.324
3,LEC,16,5351.933,5957.899,5957.899,MEDIUM>HARD,HARD,16,2,1.2303333333333342,0.2393333333333274,0.9910000000000068,"HAM,VER,GAS,ANT",4,-0.2646666666666846,1.2556666666666914,0.20016666666666794,0.038249,0.0,95.50500000000001,94.27466666666668
4,RUS,19,5514.22,6048.452,6048.452,MEDIUM>HARD,HARD,19,2,0.39000000000000057,0.3226666666666631,0.06733333333333746,"HAM,VER,COL,PIA,NOR",5,,,0.0346666666666664,0.42198566666666665,0.7155956666666666,93.97366666666666,93.58366666666666
4,BOT,20,5640.184,6144.901,6144.901,SOFT>MEDIUM,MEDIUM,14,2,0.41766666666666197,0.1556666666666615,0.26200000000000045,"LIN,PER,ALO,BOR,ALB",5,,,0.3776666666666557,0.20010633333333336,0.4936756666666667,97.175,96.75733333333334
4,LEC,20,5605.776,6144.901,6144.901,MEDIUM>HARD,HARD,20,2,0.15333333333332178,0.10000000000000853,0.05333333333331325,"VER,HAM,PIA,ANT,NOR",5,,,0.21133333333334292,0.060502,0.7971303333333334,93.63999999999999,93.48666666666666
4,STR,20,5643.321,6144.901,6144.901,MEDIUM>SOFT,SOFT,20,5,0.6533333333333502,0.1556666666666615,0.4976666666666887,"LIN,PER,ALO,BOR,ALB",5,,,0.3776666666666557,0.06710966666666666,0.3346186666666666,96.80400000000002,96.15066666666667
4,ANT,25,6066.067,6633.448,6633.448,MEDIUM>HARD,HARD,25,2,0.46966666666665446,-0.12400000000000944,0.5936666666666639,"VER,COL,LEC,RUS,BOR",5,0.14533333333334042,0.4483333333333235,0.6546666666666425,0.11827966666666667,0.44989799999999996,92.95466666666665,92.485
4,BEA,25,6098.175,6633.448,6633.448,MEDIUM>HARD,HARD,25,2,1.6683333333333366,0.4106666666666712,1.2576666666666654,"OCO,BOR,ALO,STR,RUS",5,-0.5790000000000219,1.8366666666666873,0.15000000000000568,0.3112263333333333,0.4840423333333333,95.55033333333334,93.882
4,ALB,26,6191.349,6742.227,6742.227,MEDIUM>HARD,HARD,26,2,1.4959999999999951,0.2503333333333444,1.2456666666666507,"BOR,STR,ALO,RUS,LEC",5,-0.19333333333334224,1.438999999999993,0.22500000000000853,0.287957,0.3636743333333334,95.32799999999999,93.832
4,HAM,26,6175.193,6742.227,6742.227,MEDIUM>HARD,HARD,26,2,1.6596666666666522,0.025333333333335872,1.6343333333333163,"VER,LEC,BOR,RUS,ALO",5,-0.1530000000000058,1.7873333333333221,0.22500000000000853,0.09692066666666665,0.06297566666666667,94.41033333333333,92.75066666666667
4,NOR,26,6156.959,6742.227,6742.227,MEDIUM>HARD,HARD,26,2,0.5896666666666732,0.025333333333335872,0.5643333333333374,"LEC,VER,RUS,BOR,ALO",5,0.15333333333332178,0.4110000000000156,0.22500000000000853,0.066059,0.543914,93.17866666666667,92.589
4,LIN,27,6303.374,6841.97,6841.97,MEDIUM>HARD,HARD,27,2,1.7773333333333312,-0.03300000000000125,1.8103333333333325,"STR,ALO,VER,LEC,RUS",5,0.061666666666667425,1.748666666666665,0.18533333333333246,0.06251,0.12222766666666668,95.981,94.20366666666666
4,PIA,27,6264.02,6841.97,6841.97,MEDIUM>HARD,HARD,27,2,1.928666666666686,-0.03300000000000125,1.9616666666666873,"VER,LEC,RUS,STR,ALO",5,-0.7646666666666846,2.726333333333372,0.18533333333333246,0.065379,0.36810600000000004,94.19066666666667,92.26199999999999
4,SAI,27,6283.199,6841.97,6841.97,MEDIUM>HARD,HARD,27,2,2.0670000000000073,-0.03300000000000125,2.1000000000000085,"STR,ALO,VER,LEC,RUS",5,-0.7833333333333314,2.88333333333334,0.18533333333333246,0.2334423333333333,0.156543,95.425,93.35799999999999
4,PER,28,6408.265,6939.657,6939.657,MEDIUM>HARD,HARD,28,2,1.4323333333333466,0.15466666666667095,1.2776666666666756,"STR,ALO,VER,RUS,LEC",5,-0.17666666666667652,1.4543333333333521,0.3613333333333344,0.07427633333333333,0.06305699999999999,96.52733333333333,95.09499999999998
4,COL,30,6556.866,7134.628,7134.628,MEDIUM>HARD,HARD,30,2,1.213000000000008,-0.24066666666665526,1.4536666666666633,"BEA,VER,STR,RUS,ALO",5,-0.028333333333350197,1.4820000000000135,0.5410000000000394,0.06903633333333335,0.07168433333333334,94.302,93.089
4,OCO,30,6576.641,7134.628,7134.628,MEDIUM>HARD,HARD,30,2,1.5846666666666493,-0.24066666666665526,1.8253333333333046,"STR,ALO,BEA,VER,RUS",5,-0.13266666666665117,1.9579999999999558,0.5410000000000394,0.13088999999999998,0.06560300000000001,95.46233333333333,93.87766666666668
4,BOR,31,6676.028,7233.29,7233.29,MEDIUM>HARD,HARD,31,2,1.4006666666666518,-0.26233333333334485,1.6629999999999967,"STR,BEA,ALO,ALB,LEC",5,-0.3653333333333393,2.028333333333336,0.269999999999996,0.070056,0.06939533333333334,95.08433333333333,93.68366666666668
4,STR,36,7199.423,7726.412,7726.412,SOFT>SOFT,SOFT,18,2,1.7220000000000084,-0.14400000000000546,1.8660000000000139,"BOT,LIN,BEA,OCO,ALB",5,-1.2309999999999945,3.0970000000000084,0.2463333333333253,0.09422900000000001,0.063158,96.79333333333334,95.07133333333333
4,ALO,40,7567.875,8122.711,8122.711,MEDIUM>SOFT,SOFT,40,2,2.441666666666663,-0.19133333333331848,2.6329999999999814,"PER,LIN,ALB,OCO,BEA",5,-0.4410000000000025,3.073999999999984,0.08133333333333326,0.15074566666666667,0.460286,96.99366666666667,94.552
6,OCO,8,3976.972,4422.136,4422.136,MEDIUM>HARD,HARD,8,2,1.8826666666666512,0.48033333333333417,1.402333333333317,"COL,LIN,STR,ALO,SAI",5,,,0.31799999999999784,,,79.53699999999999,77.65433333333334
6,HUL,11,4212.078,4668.054,4668.054,MEDIUM>HARD,HARD,11,2,2.879333333333335,0.1353333333333353,2.7439999999999998,"LIN,COL,SAI,STR,ALO",5,-0.3236666666666679,3.0676666666666677,0.529666666666671,,,79.279,76.39966666666666
6,HAM,27,5412.943,5920.031,5920.031,MEDIUM>HARD,HARD,27,2,1.061333333333323,0.12000000000000455,0.9413333333333185,"PIA,GAS,NOR,BOR,ANT",5,-0.4746666666666641,1.4159999999999826,0.14699999999999136,,,77.98233333333333,76.921
6,RUS,30,5680.957,6156.414,6156.414,MEDIUM>HARD,HARD,30,2,1.8996666666666613,-1.329666666666668,3.2293333333333294,"BOR,OCO,PER,PIA,LAW",5,0.6713333333333509,2.5579999999999785,0.2540000000000049,,,78.74433333333333,76.84466666666667
6,HAD,31,5759.168,6236.085,6236.085,MEDIUM>HARD,HARD,31,2,0.6216666666666697,-0.45400000000000773,1.0756666666666774,"LAW,OCO,STR,BOR,PIA",5,0.452666666666687,0.6229999999999905,0.4823333333333295,,,78.78366666666666,78.16199999999999
6,COL,34,6032.634,6478.295,6478.295,MEDIUM>HARD,HARD,34,2,2.221333333333348,-1.046999999999997,3.268333333333345,"LIN,SAI,LAW,HUL,PER",5,-0.5980000000000132,3.8663333333333583,0.7763333333333406,,,80.33033333333334,78.109
6,LEC,34,5958.736,6478.295,6478.295,MEDIUM>HARD,HARD,34,2,0.7996666666666528,-0.18533333333334667,0.9849999999999994,"BOR,PIA,ALO,GAS,STR",5,-0.5346666666666806,1.51966666666668,0.29299999999999216,,,77.83066666666666,77.031
6,ANT,36,6091.995,6640.114,6640.114,MEDIUM>HARD,HARD,36,2,0.039666666666676065,-0.6720000000000113,0.7116666666666873,"RUS,HAM,HAD,GAS,PIA",5,0.6753333333333273,0.036333333333359974,0.4676666666666591,,,76.58266666666667,76.54299999999999
6,ALB,42,6665.4,7133.13,7133.13,MEDIUM>SOFT,SOFT,42,2,-3.1666666666666714,0.1563333333333503,-3.3230000000000217,"ALO,RUS,PIA,PER,LIN",5,0.5299999999999869,-3.8530000000000086,1.3796666666666795,,,79.66866666666667,82.83533333333334
6,BOR,42,6722.271,7133.13,7133.13,HARD>MEDIUM,MEDIUM,41,2,4.298999999999992,2.503,1.7959999999999923,"RUS,PER,LIN,SAI,HUL",5,-0.7249999999999943,2.5209999999999866,0.8276666666666586,,,81.32533333333333,77.02633333333334
6,LAW,43,6731.984,7210.312,7210.312,MEDIUM>SOFT,SOFT,43,6,1.4820000000000135,-0.5433333333333223,2.025333333333336,"ALO,STR,PER,COL,RUS",5,-0.6829999999999927,2.7083333333333286,2.0093333333333163,,,79.74833333333333,78.26633333333332
6,GAS,44,6791.199,7289.665,7289.665,MEDIUM>HARD,HARD,44,2,-0.4243333333333368,0.09133333333333837,-0.5156666666666752,"HAD,STR,ALO,HAM,RUS",5,0.9429999999999978,-1.458666666666673,1.8316666666666777,,,78.78066666666666,79.205
6,PIA,47,7021.203,7529.514,7529.514,MEDIUM>HARD,HARD,47,2,2.0363333333333458,-0.2953333333333461,2.331666666666692,"PER,HAD,ALO,HAM,BOR",5,-0.8730000000000047,3.2046666666666965,0.25900000000000034,,,79.528,77.49166666666666
6,SAI,51,7397.363,7857.165,7857.165,MEDIUM>SOFT,SOFT,51,2,-1.630999999999986,-0.21433333333334303,-1.416666666666643,"HAD,LAW,LIN,HAM,RUS",5,1.586666666666659,-3.003333333333302,0.21966666666664025,,,78.09500000000001,79.726
7,HAM,10,4051.855,4576.409,4576.409,SOFT>HARD,HARD,12,2,1.656666666666652,-0.07783333333333076,1.7344999999999828,"LEC,BEA,LIN,ALO",4,0.1910000000000167,1.5434999999999661,0.14649999999999608,0.006000000000000001,0.12855566666666668,83.463,81.80633333333334
7,LAW,10,4072.946,4576.409,4576.409,MEDIUM>HARD,HARD,10,2,0.7536666666666747,-0.07783333333333076,0.8315000000000055,"BEA,LIN,LEC,ALO",4,0.061666666666667425,0.769833333333338,0.14649999999999608,0.005859333333333334,0.033530666666666674,85.26100000000001,84.50733333333334
7,COL,11,4165.659,4629.973,4629.973,SOFT>HARD,HARD,11,2,2.049666666666667,0.23600000000001842,1.8136666666666486,"LIN,BEA,ALO",3,-0.029666666666656738,1.8433333333333053,0.07166666666668675,0.24846,0.027743,85.99866666666667,83.949
7,PER,11,4177.838,4629.973,4629.973,SOFT>HARD,HARD,11,2,2.100666666666669,0.23600000000001842,1.8646666666666505,"BEA,LIN,ALO",3,0.15066666666668027,1.7139999999999702,0.07166666666668675,0.04798133333333334,0.2695596666666667,86.87333333333333,84.77266666666667
7,RUS,11,4132.042,4629.973,4629.973,MEDIUM>HARD,HARD,11,2,1.4953333333333347,0.23600000000001842,1.2593333333333163,"LIN,BEA,ALO",3,-0.1486666666666565,1.4079999999999728,0.07166666666668675,0.009992,0.04070033333333333,83.46966666666667,81.97433333333333
7,VER,11,4143.526,4629.973,4629.973,SOFT>MEDIUM,MEDIUM,14,2,2.1466666666666754,0.23600000000001842,1.910666666666657,"LIN,BEA,ALO",3,0.09933333333331973,1.8113333333333372,0.07166666666668675,0.009909000000000001,0.08131366666666667,84.153,82.00633333333333
7,ALB,12,4261.926,4715.092,4715.092,MEDIUM>HARD,HARD,12,2,1.5390000000000157,0.3433333333333195,1.1956666666666962,"BEA,LIN,ALO",3,0.24766666666663184,0.9480000000000643,0.08800000000000807,0.069364,0.17071433333333333,86.53666666666668,84.99766666666666
7,HUL,12,4245.254,4715.092,4715.092,SOFT>HARD,HARD,12,2,1.0703333333333234,0.3433333333333195,0.7270000000000039,"BEA,LIN,ALO",3,0.42199999999998283,0.30500000000002103,0.08800000000000807,0.4074073333333333,0.22752966666666666,85.52766666666666,84.45733333333334
7,NOR,12,4223.084,4715.092,4715.092,MEDIUM>HARD,HARD,12,2,1.3769999999999953,0.3433333333333195,1.0336666666666758,"BEA,LIN,ALO",3,0.603333333333353,0.4303333333333228,0.08800000000000807,0.021956000000000003,0.3800813333333333,83.446,82.069
7,OCO,12,4258.367,4715.092,4715.092,SOFT>HARD,HARD,12,2,2.350999999999999,0.3433333333333195,2.0076666666666796,"BEA,LIN,ALO",3,-0.2773333333333312,2.285000000000011,0.08800000000000807,0.011549666666666666,0.193294,86.69266666666665,84.34166666666665
7,ANT,13,4304.509,4800.11,4800.11,MEDIUM>HARD,HARD,13,2,1.6576666666666569,,,"LIN,ALO",2,0.32433333333332826,,,0.009980000000000001,0.012195333333333334,83.50433333333334,81.84666666666668
7,GAS,13,4338.165,4800.11,4800.11,MEDIUM>HARD,HARD,13,2,2.595333333333329,,,"LIN,ALO",2,0.5166666666666657,,,0.5693823333333333,0.14374833333333334,85.85266666666666,83.25733333333334
7,PIA,13,4315.354,4800.11,4800.11,MEDIUM>HARD,HARD,13,2,1.7246666666666641,,,"LIN,ALO",2,0.6033333333333388,,,0.013888666666666667,0.08511933333333332,84.071,82.34633333333333
7,SAI,13,4341.52,4800.11,4800.11,SOFT>HARD,HARD,13,2,2.092666666666659,,,"LIN,ALO",2,-0.11233333333331075,,,0.015436666666666666,0.03961166666666667,86.33699999999999,84.24433333333333
7,BOR,14,4433.726,4886.446,4886.446,MEDIUM>HARD,HARD,14,2,3.0576666666666625,,,"LIN,ALO",2,-0.049000000000020805,,,0.526831,0.14907066666666666,86.70566666666667,83.64800000000001
7,HAD,14,4416.762,4886.446,4886.446,MEDIUM>HARD,HARD,14,2,2.86933333333333,,,"LIN,ALO",2,0.5420000000000016,,,0.4260173333333333,0.17985966666666664,85.15066666666667,82.28133333333334
7,LEC,15,4479.933,4974.286,4974.286,MEDIUM>HARD,HARD,15,2,1.8696666666666886,-0.18616666666666504,2.0558333333333536,"LAW,HAM,LIN,ALO",4,-0.29299999999999216,2.3488333333333458,0.32116666666666305,0.017892666666666668,0.020338333333333333,83.84833333333334,81.97866666666665
7,BEA,17,4690.763,5173.288,5173.288,MEDIUM>HARD,HARD,17,2,1.7693333333333499,-0.3226666666666773,2.092000000000027,"ALB,PER,LAW,COL,OCO",5,,,0.23733333333333917,0.04050766666666667,0.509127,86.24533333333333,84.47599999999998
7,ALO,20,4974.286,5430.444,5430.444,HARD>HARD,HARD,20,2,2.1820000000000164,-1.0470000000000113,3.2290000000000276,"PER,ALB,COL,OCO,SAI",5,-0.4383333333333326,3.66733333333336,0.40800000000000125,0.4568736666666667,0.015526666666666666,87.90066666666667,85.71866666666665
7,LIN,21,5024.573,5516.135,5516.135,MEDIUM>HARD,HARD,21,2,2.4143333333333317,-1.1276666666666841,3.542000000000016,"ALB,PER,OCO,SAI,HUL",5,0.33466666666666356,3.2073333333333522,0.369000000000014,0.05346633333333333,0.4292126666666667,86.382,83.96766666666667
7,HAM,26,5395.331,5945.335,5945.335,HARD>MEDIUM,MEDIUM,15,2,2.4056666666666757,-0.5953333333333575,3.001000000000033,"HAD,RUS,LEC,PIA,NOR",5,-0.17600000000001614,3.1770000000000493,0.11433333333336293,0.1419446666666667,0.26175133333333334,83.16166666666668,80.756
7,ALB,28,5660.053,6122.707,6122.707,HARD>HARD,HARD,15,2,2.1173333333333204,-0.03699999999999193,2.1543333333333123,"OCO,ALO,GAS,LIN,LAW",5,-0.10333333333332462,2.257666666666637,0.1419999999999959,0.14926166666666665,0.27033433333333334,86.29233333333333,84.17500000000001
7,VER,28,5573.71,6122.707,6122.707,MEDIUM>HARD,HARD,16,2,1.8389999999999844,-0.42433333333332257,2.263333333333307,"RUS,LEC,NOR,PIA,LIN",5,-0.26866666666667527,2.5319999999999823,0.037666666666666515,0.056104666666666664,0.065453,83.33466666666666,81.49566666666668
7,SAI,29,5723.583,6207.995,6207.995,HARD>HARD,HARD,15,2,1.3660000000000139,-0.10199999999998965,1.4680000000000035,"LAW,ALO,GAS,BEA,RUS",5,0.08866666666665424,1.3793333333333493,0.23133333333332473,0.021442666666666665,0.17055266666666669,85.39300000000001,84.027
7,PER,30,5842.063,7057.631,7057.631,HARD>HARD,HARD,18,2,2.441666666666677,-0.34499999999999886,2.786666666666676,"ALO,LIN,GAS,BEA,LEC",5,0.3720000000000141,2.414666666666662,0.200666666666649,0.08432466666666666,0.151236,86.83933333333334,84.39766666666667
7,HAD,31,5855.164,7140.782,7140.782,HARD>HARD,HARD,16,2,2.379666666666651,-0.27933333333332655,2.6589999999999776,"BEA,GAS,ANT,LEC,ALO",5,-0.3976666666666233,3.056666666666601,0.25,0.19022333333333333,0.185022,84.16799999999999,81.78833333333334
7,BOR,32,5985.048,7223.977,7223.977,HARD>HARD,HARD,17,2,3.168999999999997,-0.28899999999998727,3.457999999999984,"ALO,GAS,BEA,LEC,HAM",5,-2.00266666666667,5.460666666666654,0.31133333333333724,0.414892,0.037841,86.832,83.663
7,COL,33,6049.924,7307.171,7307.171,HARD>HARD,HARD,21,2,0.7893333333333317,-0.394999999999996,1.1843333333333277,"GAS,BEA,LEC,VER,HAM",5,-0.1876666666666864,1.372000000000014,0.09199999999998454,0.5568873333333334,0.6272596666666667,85.00533333333334,84.21600000000001
7,NOR,34,6063.1,7390.458,7390.458,HARD>HARD,HARD,21,2,2.3506666666666547,,,"VER,HAM",2,0.11700000000000443,,,0.229733,0.48978866666666665,83.187,80.83633333333334
7,BOR,52,7722.235,8810.457,8810.457,HARD>SOFT,SOFT,19,2,2.1573333333333267,0.14733333333333576,2.009999999999991,"LAW,COL,LIN,GAS,PIA",5,0.40166666666667084,1.60833333333332,0.1636666666666713,0.154762,0.23745433333333332,84.07633333333332,81.919
7,SAI,54,7888.375,8810.457,8810.457,HARD>MEDIUM,MEDIUM,24,2,2.3346666666666778,-0.007000000000005002,2.3416666666666828,"COL,LAW,GAS,LIN,PIA",5,-0.03900000000001569,2.3806666666666985,0.5843333333333476,0.031558333333333334,0.23521766666666669,84.53333333333335,82.19866666666667
8,HAM,11,4228.986,4651.902,4651.902,MEDIUM>HARD,HARD,11,2,0.8606666666666598,-0.19033333333334213,1.051000000000002,"VER,HAD,ANT,PIA,NOR",5,-0.3329999999999984,1.3840000000000003,0.15366666666665196,0.08547333333333333,0.305747,73.33366666666666,72.473
8,GAS,12,4328.712,4726.045,4726.045,MEDIUM>HARD,HARD,12,2,2.0363333333333458,0.49833333333333485,1.538000000000011,"OCO,HUL,BEA,ALB,COL",5,0.10233333333333405,1.4356666666666769,0.1076666666666597,0.9668873333333333,0.29219066666666665,75.22833333333334,73.192
8,LEC,12,4307.049,4726.045,4726.045,MEDIUM>HARD,HARD,12,2,0.5523333333333511,0.17166666666665265,0.38066666666669846,"PIA,HAD,VER,NOR,ANT",5,0.31799999999998363,0.06266666666671483,0.21066666666665412,0.065977,0.230688,73.32900000000001,72.77666666666666
8,SAI,13,4407.115,4799.91,4799.91,SOFT>MEDIUM,MEDIUM,13,2,1.1836666666666815,0.24899999999999523,0.9346666666666863,"HUL,COL,BEA,STR,ALO",5,0.027999999999991587,0.9066666666666947,0.347999999999999,0.7608536666666667,0.022507333333333334,75.28733333333334,74.10366666666665
8,BOR,16,4618.349,5030.997,5030.997,SOFT>MEDIUM,MEDIUM,16,2,1.4193333333333413,-0.11299999999999955,1.5323333333333409,"BEA,ALO,ANT,HAM,STR",5,-0.061333333333323026,1.593666666666664,0.07066666666666777,0.16113433333333335,0.5330656666666667,74.29233333333333,72.87299999999999
8,ALB,17,4708.807,5105.055,5105.055,MEDIUM>MEDIUM,MEDIUM,17,2,1.0806666666666729,-0.25533333333332564,1.3359999999999985,"BEA,ALO,STR,GAS,LEC",5,0.041333333333327005,1.2946666666666715,0.3063333333333418,0.04008933333333333,0.315392,74.96966666666667,73.889
8,HAD,17,4679.225,5105.055,5105.055,MEDIUM>MEDIUM,MEDIUM,17,2,1.9453333333333234,-0.07900000000000773,2.024333333333331,"GAS,LEC,ANT,HAM,BEA",5,-0.1486666666666565,2.1729999999999876,0.37999999999999545,0.05442199999999999,0.7468273333333334,73.58033333333333,71.635
8,LIN,17,4689.386,5105.055,5105.055,MEDIUM>HARD,HARD,17,2,1.5476666666666858,-0.3293333333333237,1.8770000000000095,"BEA,ANT,STR,GAS,HAM",5,-0.6100000000000136,2.487000000000023,0.250333333333316,0.11561566666666667,0.5105636666666666,74.44333333333334,72.89566666666666
8,OCO,17,4705.105,5105.055,5105.055,MEDIUM>MEDIUM,MEDIUM,17,2,1.2800000000000011,-0.25533333333332564,1.5353333333333268,"ALO,STR,BEA,GAS,LEC",5,-0.7306666666666786,2.2660000000000053,0.3063333333333418,0.4039736666666667,0.39943466666666666,75.44066666666667,74.16066666666667
8,VER,17,4666.383,5105.055,5105.055,MEDIUM>HARD,HARD,17,2,0.9170000000000158,-0.07900000000000773,0.9960000000000235,"LEC,HAM,ANT,GAS,BEA",5,1.0223333333333215,-0.026333333333298015,0.37999999999999545,0.011446999999999999,0.5991479999999999,72.70800000000001,71.791
8,LAW,18,4760.302,5182.324,5182.324,MEDIUM>HARD,HARD,18,2,1.214333333333343,-0.08299999999999841,1.2973333333333414,"BEA,SAI,GAS,LEC,ANT",5,-0.8776666666666699,2.1750000000000114,0.45766666666668243,0.11564599999999998,0.674563,74.349,73.13466666666666
8,PIA,18,4748.455,5182.324,5182.324,MEDIUM>HARD,HARD,18,2,1.7540000000000049,-0.38466666666667493,2.13866666666668,"GAS,LEC,ANT,HAM,SAI",5,0.14633333333333098,1.9923333333333488,0.18833333333331836,0.009085666666666667,0.011655,73.24366666666667,71.48966666666666
8,RUS,18,4734.252,5182.324,5182.324,MEDIUM>HARD,HARD,18,2,1.3269999999999982,-0.38466666666667493,1.711666666666673,"LEC,ANT,HAM,GAS,SAI",5,-0.2046666666666539,1.916333333333327,0.18833333333331836,0.0068650000000000004,0.11188800000000003,72.865,71.538
8,OCO,32,5873.977,6283.736,6283.736,MEDIUM>HARD,HARD,14,2,0.2750000000000057,-0.5506666666666717,0.8256666666666774,"GAS,BEA,BOR,COL,LAW",5,,,0.016000000000005343,0.020439333333333334,0.027397333333333333,73.345,73.07
8,ALB,36,6178.496,6585.783,6585.783,MEDIUM>HARD,HARD,18,2,0.9356666666666626,-0.6829999999999927,1.6186666666666554,"STR,BOR,BEA,ALO,COL",5,0.1039999999999992,1.5146666666666562,0.44000000000001194,0.08696599999999999,0.15451066666666666,74.38199999999999,73.44633333333333
8,LEC,36,6108.594,6585.783,6585.783,HARD>HARD,HARD,23,2,0.9089999999999918,-0.24533333333333474,1.1543333333333266,"PIA,RUS,HUL,LAW,LIN",5,-0.03299999999998704,1.1873333333333136,0.26866666666666106,0.020753666666666667,0.08585933333333333,72.36466666666666,71.45566666666667
8,GAS,37,6226.396,6660.7,6660.7,HARD>MEDIUM,MEDIUM,24,2,1.4966666666666555,-0.48166666666666913,1.9783333333333246,"BOR,LAW,LIN,STR,OCO",5,-0.1733333333333178,2.1516666666666424,0.1250000000000142,0.018018,0.255866,73.87433333333333,72.37766666666667
8,HAD,39,6331.068,6809.817,6809.817,MEDIUM>HARD,HARD,21,2,0.9996666666666556,-0.12000000000000455,1.1196666666666601,"NOR,HUL,OCO,VER,ANT",5,0.38733333333333064,0.7323333333333295,0.031999999999982265,0.032169333333333335,0.4254006666666667,72.45666666666666,71.45700000000001
8,HAM,41,6471.312,6959.489,6959.489,SOFT>HARD,HARD,18,2,1.0803333333333427,0.07766666666667277,1.00266666666667,"VER,NOR,ANT,LEC,ALB",5,-0.20299999999998875,1.2056666666666587,0.2816666666666663,0.5280333333333332,0.17513700000000001,72.28266666666667,71.20233333333333
8,PIA,41,6470.112,6959.489,6959.489,HARD>HARD,HARD,22,2,1.3216666666666583,0.07766666666667277,1.2439999999999856,"NOR,ANT,VER,LEC,ALB",5,0.3453333333333575,0.8986666666666281,0.2816666666666663,0.060184999999999995,0.21381466666666668,72.05233333333332,70.73066666666666
8,RUS,42,6525.961,7034.622,7034.622,HARD>HARD,HARD,23,2,1.1949999999999932,-0.3059999999999974,1.5009999999999906,"VER,GAS,ANT,LEC,ALB",5,0.4613333333333429,1.0396666666666476,0.08533333333332394,0.020801333333333335,0.09872500000000001,72.13133333333333,70.93633333333334
8,BOR,43,6658.511,7111.717,7111.717,MEDIUM>HARD,HARD,26,2,1.9156666666666666,-0.416333333333327,2.3319999999999936,"ALB,ALO,GAS,OCO,VER",5,-0.4853333333333296,2.8173333333333233,0.22333333333332916,0.2995043333333333,0.05314466666666667,74.109,72.19333333333333
8,BEA,44,6759.153,7191.931,7191.931,HARD>MEDIUM,MEDIUM,20,2,1.2950000000000017,-0.3849999999999909,1.6799999999999926,"ALB,GAS,OCO,ANT,LEC",5,0.548333333333332,1.1316666666666606,0.11033333333331541,0.15906366666666666,0.08644933333333334,74.13033333333334,72.83533333333334
8,HUL,44,6741.573,7191.931,7191.931,MEDIUM>HARD,HARD,23,2,0.6063333333333389,-0.3849999999999909,0.9913333333333298,"ALB,GAS,ANT,LEC,HAD",5,0.031999999999982265,0.9593333333333476,0.11033333333331541,0.025114333333333332,0.029885,73.01800000000001,72.41166666666668
8,LAW,44,6725.685,7191.931,7191.931,HARD>MEDIUM,MEDIUM,25,2,1.5086666666666702,-0.3849999999999909,1.893666666666661,"ALB,GAS,ANT,HAD,LEC",5,0.4473333333333187,1.4463333333333424,0.11033333333331541,0.5244836666666667,0.30470933333333333,73.63566666666667,72.127
8,COL,45,6841.776,7300.416,7300.416,HARD>MEDIUM,MEDIUM,25,2,2.1000000000000085,-0.2806666666666615,2.38066666666667,"OCO,ALB,GAS,HAD,ANT",5,-0.2960000000000065,2.6766666666666765,0.17500000000001137,0.2792576666666667,0.33552033333333336,74.305,72.205
8,LIN,45,6798.667,7300.416,7300.416,HARD>MEDIUM,MEDIUM,27,2,1.9066666666666663,-0.31466666666666754,2.221333333333334,"ALB,GAS,ANT,OCO,LEC",5,-0.059666666666672086,2.281000000000006,0.14100000000000534,0.018018,0.42824100000000004,73.95433333333334,72.04766666666667
8,NOR,46,6837.604,7374.769,7374.769,HARD>HARD,HARD,25,2,1.3543333333333436,-0.10099999999999199,1.4553333333333356,"HAM,LEC,PIA,HAD",4,-0.2946666666666715,1.750000000000007,0.11733333333332752,0.19774899999999998,0.15962466666666666,72.364,71.00966666666666
8,LEC,58,7724.289,8258.07,8258.07,HARD>SOFT,SOFT,21,5,1.9506666666666774,-0.4963333333333253,2.4470000000000027,"BOR,BEA,HAD,LAW,ALO",5,,,0.45666666666666345,0.3880666666666667,0.262911,72.91866666666668,70.968
9,ALB,13,4696.511,5212.775,5212.775,HARD>MEDIUM,MEDIUM,12,9,2.509999999999991,0.05700000000000216,2.4529999999999887,"ALO,BOT,PER,BEA,BOR",5,1.2396666666666647,1.213333333333324,0.09599999999998943,0.16141233333333335,0.020708,99.005,96.495
9,VER,16,4861.1,5515.228,5515.228,MEDIUM>HARD,HARD,16,2,0.8539999999999992,0.20000000000001705,0.6539999999999822,"RUS,LEC,ANT,NOR,HAM",5,0.0519999999999925,0.6019999999999897,0.23166666666669755,0.9207093333333334,0.06382966666666666,94.62599999999999,93.77199999999999
9,BOR,25,5758.687,6412.729,6412.729,MEDIUM>HARD,HARD,25,2,1.8033333333333417,0.1670000000000158,1.6363333333333259,"HUL,OCO,PIA,HAD,VER",5,,,0.5799999999999841,0.013961666666666666,0.617808,95.63533333333334,93.832
9,LIN,26,5851.666,6510.579,6510.579,MEDIUM>HARD,HARD,26,2,1.8526666666666642,-0.30800000000000693,2.160666666666671,"OCO,COL,PIA,HUL,HAD",5,,,0.3056666666666672,0.20572466666666667,0.25542366666666666,95.622,93.76933333333334
9,LAW,27,5943.73,6606.407,6606.407,MEDIUM>HARD,HARD,27,2,1.5286666666666662,-0.10933333333335327,1.6380000000000194,"SAI,OCO,HUL,GAS,ALB",5,,,0.27966666666668516,0.25567100000000004,0.11683366666666667,95.68933333333332,94.16066666666666
9,NOR,27,5921.548,6606.407,6606.407,MEDIUM>HARD,HARD,27,2,1.4056666666666757,-0.25833333333333997,1.6640000000000157,"HAD,COL,PIA,HUL,GAS",5,,,0.4309999999999974,0.0,0.163251,94.58933333333334,93.18366666666667
9,BEA,28,6080.448,6702.144,6702.144,MEDIUM>HARD,HARD,28,2,2.2690000000000055,-0.2563333333333446,2.52533333333335,"ALO,PER,STR,OCO,SAI",5,,,0.5253333333333217,0.38382233333333327,0.37453833333333336,97.04066666666667,94.77166666666666
9,BOT,28,6104.766,6702.144,6702.144,MEDIUM>HARD,HARD,28,2,1.9116666666666617,-0.2563333333333446,2.1680000000000064,"ALO,STR,PER,PIA,OCO",5,,,0.47633333333331507,0.12084666666666666,0.0,98.008,96.09633333333333
10,NOR,29,6798.802,7527.908,7527.908,HARD>MEDIUM,MEDIUM,29,2,1.7723333333333215,0.21800000000000352,1.554333333333318,"BOR,PIA,LAW,LIN,GAS",5,0.41166666666669016,1.1426666666666279,0.3613333333333486,0.2654316666666667,0.09623933333333334,111.17099999999999,109.39866666666667
10,ALO,30,7041.996,7645.811,7645.811,SOFT>HARD,HARD,11,2,3.6686666666666667,-0.12633333333332075,3.7949999999999875,"ALB,HUL,OCO,COL,SAI",5,-4.72766666666665,8.522666666666638,0.03300000000001546,0.09314499999999999,0.269304,119.21933333333332,115.55066666666666
10,BOT,31,7117.066,7759.042,7759.042,HARD>SOFT,SOFT,30,2,2.063999999999993,0.23166666666665492,1.832333333333338,"SAI,ALB,OCO,HUL,GAS",5,0.1113333333333344,1.7210000000000036,0.16166666666666174,0.02902366666666667,0.09721766666666669,114.83666666666666,112.77266666666667
11,STR,7,3879.805,4336.362,4336.362,SOFT>MEDIUM,MEDIUM,7,2,0.9923333333333488,-0.521333333333331,1.5136666666666798,"OCO,BOR,BEA,PER,SAI",5,,,0.08800000000002228,0.7142749999999999,0.09165233333333334,88.13733333333334,87.145
11,HAM,12,4282.512,4782.066,4782.066,SOFT>HARD,HARD,12,2,0.2810000000000059,-0.33166666666666345,0.6126666666666694,"ANT,HAD,LAW,LIN,RUS",5,0.07366666666665367,0.5390000000000157,0.2463333333333111,0.25082733333333335,0.07444166666666667,85.64533333333333,85.36433333333332
11,VER,13,4367.763,4871.622,4871.622,MEDIUM>HARD,HARD,13,2,0.4613333333333429,-0.24066666666666947,0.7020000000000124,"ANT,HAD,LAW,LIN,STR",5,0.00733333333333519,0.6946666666666772,0.5393333333333601,0.287445,0.015618,85.77233333333334,85.31099999999999
11,COL,14,4492.313,4961.545,4961.545,MEDIUM>HARD,HARD,14,2,1.9783333333333246,0.7753333333333359,1.2029999999999887,"ALO,BEA,LIN,STR,BOR",5,-0.11233333333332496,1.3153333333333137,0.3956666666666706,0.27641299999999996,0.019213333333333332,88.58666666666666,86.60833333333333
11,GAS,15,4573.468,5050.88,5050.88,MEDIUM>HARD,HARD,15,2,1.9383333333333326,0.8039999999999878,1.1343333333333447,"ALB,BOR,BEA,ALO,STR",5,-0.24333333333332519,1.37766666666667,0.3300000000000125,0.21601133333333333,0.011594333333333331,88.06700000000001,86.12866666666667
11,LEC,15,4542.143,5050.88,5050.88,SOFT>HARD,HARD,18,2,1.245999999999981,0.42533333333334156,0.8206666666666393,"ANT,RUS,LAW,BEA,ALO",5,-0.003333333333316091,0.8239999999999554,0.2463333333333253,0.23211,0.009792666666666667,86.06133333333332,84.81533333333334
11,PIA,15,4534.84,5050.88,5050.88,MEDIUM>HARD,HARD,15,2,0.47433333333333394,0.17900000000001626,0.2953333333333177,"ANT,RUS,LAW,ALB,BEA",5,0.18833333333331836,0.10699999999999932,0.30033333333334156,0.20584566666666668,0.0077410000000000005,85.74966666666667,85.27533333333334
11,NOR,16,4621.685,5143.218,5143.218,MEDIUM>HARD,HARD,16,2,0.998666666666665,0.3776666666666557,0.6210000000000093,"ANT,RUS,ALB,BOR,BEA",5,-0.022333333333321548,0.6433333333333309,0.16900000000001114,0.11056733333333334,0.017706,85.69,84.69133333333333
11,OCO,16,4667.693,5143.218,5143.218,MEDIUM>HARD,HARD,16,2,1.6373333333333164,0.3776666666666557,1.2596666666666607,"ALO,STR,BEA,BOR,ALB",5,-0.2596666666666607,1.5193333333333214,0.4316666666666862,0.11360433333333332,0.017208333333333332,88.74933333333333,87.11200000000001
11,SAI,17,4761.854,5251.969,5251.969,SOFT>MEDIUM,MEDIUM,17,2,1.2560000000000144,0.4440000000000026,0.8120000000000118,"ALB,ALO,STR,BOR,RUS",5,-0.3149999999999835,1.1269999999999953,0.28366666666667584,0.05652933333333334,0.0,88.298,87.04199999999999
11,HAD,18,4814.36,5338.311,5338.311,MEDIUM>HARD,HARD,18,2,2.266999999999996,0.08533333333333815,2.1816666666666578,"BOR,STR,ALO,ALB,RUS",5,0.37999999999999545,1.8016666666666623,0.3333333333333286,0.0,0.0,87.045,84.778
11,HUL,18,4829.793,5338.311,5338.311,MEDIUM>HARD,HARD,18,2,1.0423333333333176,0.08533333333333815,0.9569999999999794,"ALB,ALO,BOR,STR,RUS",5,-0.37999999999999545,1.3369999999999749,0.3333333333333286,0.018939,0.019204333333333334,87.92333333333333,86.88100000000001
11,LIN,19,4915.876,5425.67,5425.67,MEDIUM>HARD,HARD,19,2,0.9689999999999941,-0.050333333333313135,1.0193333333333072,"ALO,BOR,STR,RUS,ALB",5,-0.644999999999996,1.6643333333333032,0.25633333333335884,0.013268666666666665,0.024893666666666665,87.871,86.902
11,LAW,20,4999.179,5512.916,5512.916,MEDIUM>HARD,HARD,20,2,1.5786666666666633,-0.4956666666666507,2.074333333333314,"ALO,STR,BOR,COL,ALB",5,-0.9909999999999997,3.0653333333333137,0.48366666666665026,0.0019046666666666667,0.01351,87.64766666666667,86.069
11,ANT,21,5058.031,5600.773,5600.773,MEDIUM>HARD,HARD,21,2,1.26100000000001,-0.1213333333333253,1.3823333333333352,"LEC,VER,RUS,GAS,HAM",5,0.043000000000006366,1.3393333333333288,0.2226666666666688,0.0,0.0,85.61466666666666,84.35366666666665
11,BEA,21,5114.156,5600.773,5600.773,MEDIUM>HARD,HARD,21,2,2.048333333333346,-0.6823333333333466,2.7306666666666928,"COL,STR,ALO,OCO,BOR",5,-0.6299999999999955,3.3606666666666882,0.6706666666666763,0.005607666666666667,0.0038313333333333337,88.54466666666667,86.49633333333333
11,ALB,25,5477.249,5953.165,5953.165,MEDIUM>HARD,HARD,25,2,2.187999999999988,0.6189999999999856,1.5690000000000026,"ALO,COL,OCO,SAI,HUL",5,0.2749999999999915,1.2940000000000111,0.2230000000000132,0.0037036666666666663,0.0038536666666666667,88.87033333333333,86.68233333333335
11,RUS,26,5516.243,6040.764,6040.764,MEDIUM>HARD,HARD,26,2,2.2809999999999917,-0.4086666666666616,2.6896666666666533,"BEA,GAS,LAW,HAD,VER",5,0.8006666666666717,1.8889999999999816,0.30433333333333223,0.0038313333333333337,0.001984,86.42233333333333,84.14133333333334
11,BOR,28,5710.018,6217.757,6217.757,SOFT>HARD,HARD,28,2,1.7806666666666473,0.15566666666668993,1.6249999999999574,"STR,GAS,BEA,COL,SAI",5,0.17866666666665765,1.4463333333332997,0.2183333333333053,0.0,0.015461,87.353,85.57233333333335
11,HAM,29,5756.635,6305.75,6305.75,HARD>HARD,HARD,16,2,1.659000000000006,-0.20266666666667277,1.8616666666666788,"HAD,LEC,VER,ANT,HUL",5,0.37566666666664617,1.4860000000000326,0.07066666666665355,0.009723999999999998,0.001996,85.68533333333335,84.02633333333334
11,PIA,32,6006.097,6569.051,6569.051,HARD>HARD,HARD,16,2,1.2906666666666666,0.039666666666661854,1.2510000000000048,"HUL,ANT,LAW,NOR,VER",5,-0.2836666666666616,1.5346666666666664,0.45266666666667277,0.011662,0.011719,85.803,84.51233333333333
11,BEA,41,6904.63,7377.768,7377.768,HARD>HARD,HARD,19,2,2.299666666666667,0.6276666666666841,1.6719999999999828,"STR,OCO,LIN,ALB,COL",5,,,0.42233333333332723,0.015045999999999999,0.01929033333333333,88.54,86.24033333333334
11,LAW,41,6835.414,7377.768,7377.768,HARD>SOFT,SOFT,20,2,1.4193333333333413,-0.4796666666666738,1.8990000000000151,"LIN,OCO,BOR,ALO,COL",5,,,0.20766666666666822,0.0019266666666666668,0.005859333333333334,86.55433333333333,85.13499999999999
11,SAI,42,6982.468,7489.188,7489.188,MEDIUM>SOFT,SOFT,24,5,1.9456666666666678,0.6723333333333272,1.2733333333333405,"ALB,OCO,LIN,RUS,STR",5,,,0.26166666666667027,0.013247333333333333,0.017408666666666666,88.146,86.20033333333333
12,BOR,10,6061.59,6470.732,6470.732,SOFT>MEDIUM,MEDIUM,11,2,1.0156666666666467,-0.3426666666666591,1.3583333333333059,"OCO,ALB,ALO,LIN,GAS",5,,,0.13599999999998147,0.9978903333333333,0.234463,78.96333333333332,77.94766666666668
12,STR,14,6381.364,6794.609,6794.609,SOFT>HARD,HARD,12,2,0.5866666666666731,0.09600000000000364,0.49066666666666947,"ALB,SAI,ALO,LIN,COL",5,0.10566666666669278,0.3849999999999767,0.07099999999998374,0.117959,0.06544100000000001,79.36166666666666,78.77499999999999
12,OCO,15,6457.424,6874.532,6874.532,SOFT>HARD,HARD,16,2,-0.2539999999999907,0.06666666666666288,-0.32066666666665355,"LIN,ALB,SAI,ALO,COL",5,-0.010000000000019327,-0.31066666666663423,0.05933333333332769,0.5503146666666666,0.552902,79.30300000000001,79.557
12,RUS,16,6512.608,6957.451,6957.451,MEDIUM>HARD,HARD,16,2,1.2576666666666654,0.1043333333333436,1.1533333333333218,"HAM,ALB,LIN,SAI,ALO",5,-0.06200000000001182,1.2153333333333336,0.052333333333351106,0.021505333333333335,0.021929666666666667,77.68966666666667,76.432
12,GAS,17,6606.811,7054.249,7054.249,MEDIUM>HARD,HARD,18,2,0.24833333333334906,0.11966666666667436,0.1286666666666747,"LIN,ALB,ALO,SAI,BOR",5,-0.10133333333334349,0.2300000000000182,0.08166666666667766,0.0,0.7750406666666666,78.91933333333334,78.67099999999999
12,PIA,17,6587.595,7054.249,7054.249,HARD>HARD,HARD,15,2,1.1583333333333314,0.11966666666667436,1.038666666666657,"HAM,LIN,ALB,ALO,SAI",5,0.11566666666665526,0.9230000000000018,0.06199999999999761,0.0,0.6697196666666666,77.47099999999999,76.31266666666666
12,TSU,17,6611.143,7054.249,7054.249,SOFT>HARD,HARD,15,2,0.6586666666666616,0.11966666666667436,0.5389999999999873,"ALB,LIN,ALO,SAI,HAM",5,-0.07699999999999818,0.6159999999999854,0.06199999999999761,0.0,0.006369333333333334,78.93733333333333,78.27866666666667
12,HUL,18,6687.226,7132.495,7132.495,SOFT>SOFT,SOFT,19,2,-0.25133333333333496,-0.1729999999999876,-0.07833333333334735,"ALB,LIN,SAI,BOR,ALO",5,0.1353333333333353,-0.21366666666668266,0.08166666666669187,0.310933,0.9957806666666666,78.76466666666667,79.016
12,ANT,20,6812.883,7287.437,7287.437,MEDIUM>HARD,HARD,20,2,1.3910000000000053,-0.3506666666666547,1.74166666666666,"LIN,ALO,ALB,SAI,STR",5,-0.3823333333333352,2.1239999999999952,0.09199999999998454,0.0,0.0,77.46233333333333,76.07133333333333
12,COL,20,6873.082,7287.437,7287.437,MEDIUM>HARD,HARD,18,2,2.715666666666678,-0.25866666666667015,2.974333333333348,"PER,BOT,SAI,LIN,ALO",5,-0.9226666666666716,3.89700000000002,0.09199999999998454,0.890269,0.0,80.44500000000001,77.72933333333333
12,LAW,20,6834.993,7287.437,7287.437,SOFT>MEDIUM,MEDIUM,18,2,1.403333333333336,-0.3506666666666547,1.7539999999999907,"ALO,LIN,ALB,SAI,STR",5,-0.7670000000000101,2.521000000000001,0.09199999999998454,0.004232666666666667,0.3018996666666666,78.829,77.42566666666666
12,LEC,20,6823.06,7287.437,7287.437,SOFT>MEDIUM,MEDIUM,18,2,1.5660000000000167,-0.3506666666666547,1.9166666666666714,"LIN,ALO,ALB,SAI,STR",5,0.6316666666666606,1.2850000000000108,0.09199999999998454,0.006451666666666667,0.0,77.39966666666668,75.83366666666666
12,NOR,20,6815.18,7287.437,7287.437,SOFT>HARD,HARD,21,2,1.4639999999999986,-0.3506666666666547,1.8146666666666533,"LIN,ALO,ALB,SAI,STR",5,-0.43166666666667197,2.2463333333333253,0.09199999999998454,0.06897166666666667,0.18601666666666664,77.59033333333333,76.12633333333333
12,HAM,24,7135.403,7617.105,7617.105,SOFT>HARD,HARD,25,2,1.9906666666666553,-0.7649999999999864,2.7556666666666416,"PIA,BOR,TSU,RUS,LIN",5,0.12366666666666504,2.6319999999999766,0.35300000000002285,0.006451666666666667,0.0,77.678,75.68733333333334
12,ALB,25,7248.96,7696.471,7696.471,HARD>HARD,HARD,23,2,0.9423333333333233,-0.8353333333333524,1.7776666666666756,"HUL,STR,GAS,LIN,BOR",5,0.009666666666674928,1.7680000000000007,0.21633333333332416,0.12083333333333333,0.137265,79.484,78.54166666666667
12,BOT,27,7434.852,7854.102,7854.102,HARD>HARD,HARD,25,4,1.7966666666666526,0.7706666666666706,1.025999999999982,"GAS,ALO,STR,HUL,LIN",5,-0.6210000000000093,1.6469999999999914,0.7233333333333434,0.2849733333333333,0.30473100000000003,80.79566666666666,78.99900000000001
12,PER,28,7516.586,7932.734,7932.734,HARD>HARD,HARD,26,2,2.103666666666655,1.5626666666666722,0.5409999999999826,"GAS,TSU,LIN,HUL,ALO",5,0.42900000000001626,0.11199999999996635,0.28999999999999204,0.18669766666666665,0.0,80.27699999999999,78.17333333333333
12,SAI,29,7579.364,8011.771,8011.771,SOFT>HARD,HARD,27,2,0.7596666666666749,1.2710000000000008,-0.5113333333333259,"LIN,GAS,STR,COL,TSU",5,-0.9763333333333293,0.4650000000000034,0.37333333333332064,0.084912,0.14307666666666666,80.10933333333334,79.34966666666666
12,ALO,33,7881.98,8330.534,8330.534,SOFT>HARD,HARD,31,2,0.39100000000000534,-0.2193333333333385,0.6103333333333438,"GAS,ALB,BOT,COL,PER",5,-1.2346666666666835,1.8450000000000273,0.9903333333333251,0.0,0.50449,79.009,78.618
12,BOR,33,7897.34,8330.534,8330.534,MEDIUM>HARD,HARD,22,2,1.7376666666666694,0.14000000000001478,1.5976666666666546,"BOT,GAS,ALB,TSU,COL",5,-0.9473333333333471,2.5450000000000017,1.2643333333333544,0.48318900000000004,0.03440866666666667,79.01333333333334,77.27566666666667
12,STR,34,7987.078,8409.963,8409.963,HARD>HARD,HARD,19,2,1.7000000000000028,0.4576666666666682,1.2423333333333346,"COL,ALB,GAS,SAI,BOT",5,-2.3046666666666766,3.5470000000000113,0.9333333333333229,0.10109466666666667,0.0,79.83866666666667,78.13866666666667
12,LIN,35,8054.973,8489.45,8489.45,MEDIUM>HARD,HARD,30,2,0.8196666666666488,-0.4936666666666696,1.3133333333333184,"ALB,BOT,PIA,PER,COL",5,1.3200000000000216,-0.006666666666703236,0.11866666666665537,0.13333333333333333,0.7961783333333333,79.31933333333332,78.49966666666667
12,OCO,35,8060.861,8489.45,8489.45,HARD>HARD,HARD,19,2,1.3559999999999945,-0.4936666666666696,1.8496666666666641,"ALB,BOT,PIA,PER,SAI",5,-0.7616666666666845,2.6113333333333486,0.32699999999998397,0.29675833333333335,0.223872,79.586,78.23
12,ANT,39,8287.121,8809.268,8809.268,HARD>HARD,HARD,18,2,0.8123333333333278,-0.29000000000000625,1.102333333333334,"NOR,HUL,BOR,LAW,HAM",5,-0.34866666666667356,1.4510000000000076,0.22699999999998965,0.12297400000000001,0.09710133333333333,76.75466666666667,75.94233333333334
12,RUS,39,8297.192,8809.268,8809.268,HARD>HARD,HARD,22,2,1.0486666666666622,-0.29000000000000625,1.3386666666666684,"BOR,LAW,HAM,STR,HUL",5,-0.22000000000001307,1.5586666666666815,0.22699999999998965,0.10551666666666666,0.3210496666666667,77.02733333333333,75.97866666666667
12,LEC,42,8528.528,9049.867,9049.867,MEDIUM>HARD,HARD,21,2,1.5546666666666624,-0.032333333333340875,1.5870000000000033,"HAM,HUL,LIN,SAI,OCO",5,-0.4236666666666622,2.0106666666666655,0.5949999999999989,0.3638343333333333,0.256718,76.846,75.29133333333334
12,PIA,43,8616.581,9129.67,9129.67,HARD>SOFT,SOFT,25,5,1.8856666666666655,-0.14066666666667516,2.0263333333333406,"OCO,ALO,PER,SAI,HAM",5,0.3446666666666687,1.681666666666672,0.4863333333333344,0.23871,0.40684899999999996,77.528,75.64233333333334
12,TSU,43,8675.486,9129.67,9129.67,HARD>SOFT,SOFT,25,4,2.3556666666666644,0.4753333333333387,1.8803333333333256,"BOR,LIN,BOT,SAI,ALB",5,-2.0300000000000153,3.910333333333341,0.5243333333333453,0.003944666666666667,0.04675066666666666,79.95366666666666,77.598
12,COL,44,8787.387,9209.847,9209.847,HARD>SOFT,SOFT,23,2,1.8796666666666795,0.20266666666667277,1.6770000000000067,"BOR,PER,OCO,LIN,BOT",5,0.3743333333333396,1.302666666666667,0.48433333333332484,0.027601,0.1689463333333333,78.51766666666667,76.63799999999999
12,GAS,45,8833.558,9290.13,9290.13,HARD>MEDIUM,MEDIUM,27,4,1.63600000000001,0.0899999999999892,1.5460000000000207,"OCO,PER,ALO,ANT,BOT",5,0.7453333333333205,0.8006666666667002,0.06533333333334213,0.24203833333333333,0.7494553333333333,78.15133333333334,76.51533333333333
12,LAW,46,8868.683,9376.799,9376.799,MEDIUM>MEDIUM,MEDIUM,25,2,2.0123333333333306,0.021000000000000796,1.9913333333333298,"BOR,OCO,ALO,PER,LIN",5,-0.3783333333333445,2.3696666666666744,0.4580000000000126,0.142346,0.08884466666666667,78.10966666666667,76.09733333333334
12,NOR,46,8824.505,9376.799,9376.799,HARD>HARD,HARD,25,2,2.3923333333333403,0.11900000000001398,2.2733333333333263,"LIN,ANT,HAM,ALO,RUS",5,0.08566666666666833,2.187666666666658,0.09800000000001319,0.05844166666666667,0.2260416666666667,76.80966666666667,74.41733333333333
12,HUL,47,8973.127,9482.251,9482.251,SOFT>HARD,HARD,28,2,0.05366666666667186,-0.03999999999997783,0.09366666666664969,"BOR,LIN,OCO,HAM,ALO",5,0.43599999999999284,-0.34233333333334315,0.20633333333336168,0.0021366666666666665,0.225503,77.91533333333334,77.86166666666666
