Round,Driver,PitLap,c_old,c_new,age_old,age_new,t_old,t_new,fuel_old,fuel_new,close_old,close_new,step_obs,pair,d_fuel,d_close,tt
1,ALB,10.0,MEDIUM,HARD,9.0,3.0,85.77199999999999,86.28266666666666,60.3448275862069,53.10344827586207,0.0,0.10732247701340424,-0.5106666666666655,MEDIUM>HARD,7.241379310344826,-0.10732247701340424,36.28552042309123
1,ALB,32.0,HARD,SOFT,19.0,3.0,86.48466666666667,84.62433333333333,33.793103448275865,27.758620689655174,0.02697495183044316,0.027567003132613992,1.8603333333333438,HARD>SOFT,6.03448275862069,-0.0005920513021708332,36.28552042309123
1,BEA,17.0,MEDIUM,HARD,16.0,3.0,84.644,84.46966666666667,51.896551724137936,45.86206896551724,0.12426035502958581,0.3810769672760623,0.17433333333333678,MEDIUM>HARD,6.0344827586206975,-0.25681661224647645,36.28552042309123
1,BOR,17.0,MEDIUM,HARD,16.0,3.0,84.95333333333333,84.891,51.896551724137936,45.86206896551724,0.0846153846153846,0.13269174793347216,0.0623333333333278,MEDIUM>HARD,6.0344827586206975,-0.04807636331808755,36.28552042309123
1,BOR,32.0,HARD,HARD,13.0,3.0,84.165,83.78033333333333,33.793103448275865,27.758620689655174,0.029703202780125854,0.09529750023762,0.38466666666667493,HARD>HARD,6.03448275862069,-0.06559429745749415,36.28552042309123
1,COL,45.0,HARD,SOFT,44.0,3.0,85.18666666666665,83.302,18.10344827586207,12.06896551724138,0.02739364751748653,0.4142918981314479,1.8846666666666465,HARD>SOFT,6.03448275862069,-0.3868982506139614,36.28552042309123
1,GAS,10.0,MEDIUM,HARD,9.0,4.0,85.69133333333333,85.087,60.3448275862069,53.10344827586207,0.8622718052738336,0.3083440705255423,0.6043333333333294,MEDIUM>HARD,7.241379310344826,0.5539277347482914,36.28552042309123
1,HAM,27.0,MEDIUM,HARD,26.0,3.0,83.835,83.26266666666668,39.82758620689655,33.793103448275865,0.031805436745556505,0.030072385349782363,0.5723333333333187,MEDIUM>HARD,6.034482758620683,0.001733051395774142,36.28552042309123
1,LAW,10.0,MEDIUM,HARD,9.0,4.0,85.88799999999999,87.31433333333332,60.3448275862069,53.10344827586207,0.11627906976744184,0.44578504631835797,-1.4263333333333321,MEDIUM>HARD,7.241379310344826,-0.3295059765509161,36.28552042309123
1,LAW,32.0,HARD,SOFT,20.0,3.0,85.76966666666665,85.55933333333333,33.793103448275865,27.758620689655174,0.027245115372410353,0.38772839197963543,0.21033333333332394,HARD>SOFT,6.03448275862069,-0.36048327660722507,36.28552042309123
1,LEC,24.0,MEDIUM,HARD,23.0,3.0,83.51733333333333,83.06066666666666,43.44827586206896,37.41379310344828,0.11570905807432753,0.07028112449799197,0.45666666666666345,MEDIUM>HARD,6.034482758620683,0.045427933576335566,36.28552042309123
1,LIN,17.0,MEDIUM,HARD,16.0,3.0,85.29033333333332,84.632,51.896551724137936,45.86206896551724,0.1125287021372468,0.15076934611347567,0.6583333333333172,MEDIUM>HARD,6.0344827586206975,-0.038240643976228866,36.28552042309123
1,NOR,10.0,MEDIUM,HARD,9.0,4.0,85.411,83.97633333333333,60.3448275862069,53.10344827586207,0.9490196078431373,0.049603174603174614,1.434666666666672,MEDIUM>HARD,7.241379310344826,0.8994164332399627,36.28552042309123
1,NOR,33.0,HARD,MEDIUM,21.0,3.0,84.31966666666666,83.39833333333333,32.58620689655172,26.551724137931036,0.029644500798346952,0.5151864944809177,0.9213333333333367,HARD>MEDIUM,6.034482758620687,-0.4855419936825707,36.28552042309123
1,OCO,10.0,MEDIUM,HARD,9.0,4.0,85.40433333333334,85.36433333333333,60.3448275862069,53.10344827586207,0.0,0.0935672514619883,0.04000000000000625,MEDIUM>HARD,7.241379310344826,-0.0935672514619883,36.28552042309123
1,PER,17.0,MEDIUM,HARD,16.0,3.0,89.343,87.61166666666668,51.896551724137936,45.86206896551724,0.09729080889472665,0.10165250881086703,1.7313333333333247,MEDIUM>HARD,6.0344827586206975,-0.0043616999161403824,36.28552042309123
1,PER,42.0,HARD,SOFT,23.0,3.0,88.791,86.82633333333332,21.724137931034488,15.689655172413795,0.052415316621110354,0.07046019748499921,1.9646666666666732,HARD>SOFT,6.034482758620692,-0.018044880863888856,36.28552042309123
1,RUS,11.0,MEDIUM,HARD,10.0,4.0,84.68566666666668,82.83766666666666,59.13793103448276,51.89655172413793,0.7447858988556663,0.008044298405744188,1.8480000000000132,MEDIUM>HARD,7.241379310344833,0.7367416004499221,36.28552042309123
1,SAI,10.0,SOFT,HARD,9.0,4.0,85.82033333333334,84.897,60.3448275862069,53.10344827586207,0.25284791941317647,0.23400626522798465,0.923333333333332,SOFT>HARD,7.241379310344826,0.01884165418519182,36.28552042309123
1,SAI,32.0,HARD,MEDIUM,20.0,3.0,87.04,84.96499999999999,33.793103448275865,27.758620689655174,0.28551072385634874,0.2834448440783282,2.075000000000017,HARD>MEDIUM,6.03448275862069,0.0020658797780205296,36.28552042309123
1,SAI,44.0,MEDIUM,SOFT,10.0,4.0,85.39233333333334,84.16633333333333,19.31034482758621,12.06896551724138,0.8596491228070176,0.031688723393549036,1.2260000000000133,MEDIUM>SOFT,7.241379310344829,0.8279603994134686,36.28552042309123
1,STR,10.0,MEDIUM,HARD,9.0,4.0,87.77666666666669,87.08333333333333,60.3448275862069,53.10344827586207,0.017056277056277058,0.011472359058565954,0.6933333333333564,MEDIUM>HARD,7.241379310344826,0.005583917997711104,36.28552042309123
1,STR,25.0,HARD,SOFT,13.0,3.0,87.88866666666667,86.51799999999999,42.24137931034483,36.206896551724135,0.06963180820212979,0.08029900332225914,1.3706666666666791,HARD>SOFT,6.0344827586206975,-0.010667195120129355,36.28552042309123
1,VER,17.0,HARD,MEDIUM,16.0,3.0,84.48700000000001,83.52,51.896551724137936,45.86206896551724,0.36807440925087986,0.21357285429141717,0.967000000000013,HARD>MEDIUM,6.0344827586206975,0.1545015549594627,36.28552042309123
1,VER,40.0,MEDIUM,HARD,21.0,3.0,84.074,82.35466666666666,24.13793103448276,18.10344827586207,0.18358457781534707,0.14146341463414633,1.7193333333333385,MEDIUM>HARD,6.03448275862069,0.04212116318120074,36.28552042309123
2,COL,31.0,HARD,MEDIUM,30.0,3.0,98.25366666666667,97.01299999999999,33.75,27.5,0.34997938569367143,0.0,1.2406666666666837,HARD>MEDIUM,6.25,0.34997938569367143,21.33504217567348
2,HUL,34.0,HARD,MEDIUM,32.333333333333336,3.0,98.16166666666668,96.63866666666667,30.833333333333332,23.75,0.3741496598639456,0.2065342544617156,1.5230000000000103,HARD>MEDIUM,7.083333333333332,0.16761540540223,21.33504217567348
2,LIN,41.0,HARD,MEDIUM,40.0,3.0,98.70966666666668,96.18033333333334,21.25,15.0,0.028333333333333335,0.0,2.5293333333333408,HARD>MEDIUM,6.25,0.028333333333333335,21.33504217567348
2,OCO,45.0,MEDIUM,SOFT,15.0,3.0,98.91666666666667,96.54466666666667,16.25,10.0,0.2871910400625404,0.0,2.372,MEDIUM>SOFT,6.25,0.2871910400625404,21.33504217567348
3,COL,16.0,MEDIUM,HARD,15.0,5.333333333333333,96.81733333333334,96.394,51.509433962264154,41.82389937106918,0.684979434859249,0.7365396234017049,0.423333333333332,MEDIUM>HARD,9.685534591194973,-0.05156018854245592,32.60405430428076
3,LEC,16.0,MEDIUM,HARD,15.0,3.0,95.505,94.27466666666668,51.509433962264154,44.905660377358494,0.04345741097945562,0.0,1.23033333333332,MEDIUM>HARD,6.60377358490566,0.04345741097945562,32.60405430428076
3,LIN,17.0,MEDIUM,HARD,16.0,7.666666666666667,96.88799999999999,96.09666666666665,50.18867924528302,37.42138364779874,0.04113192506974891,0.5769832442648003,0.7913333333333412,MEDIUM>HARD,12.767295597484278,-0.5358513191950514,32.60405430428076
3,NOR,15.0,MEDIUM,HARD,14.0,3.0,95.24433333333333,94.324,52.83018867924528,46.22641509433962,0.3764765316432442,0.21763480806033997,0.9203333333333319,MEDIUM>HARD,6.60377358490566,0.15884172358290422,32.60405430428076
3,PIA,17.0,MEDIUM,HARD,16.0,5.0,94.902,94.36599999999999,50.18867924528302,40.943396226415096,0.0,0.39884235806221624,0.5360000000000156,MEDIUM>HARD,9.245283018867923,-0.39884235806221624,32.60405430428076
4,ALB,26.0,MEDIUM,HARD,25.0,3.0,95.32799999999999,93.832,40.52631578947368,34.385964912280706,0.27918494152046786,0.33886107634543183,1.4959999999999951,MEDIUM>HARD,6.140350877192972,-0.05967613482496398,38.19373344310635
4,ALO,40.0,MEDIUM,SOFT,39.0,3.0,96.99366666666667,94.552,23.333333333333332,17.19298245614035,0.121606249574841,0.46568949648715585,2.441666666666663,MEDIUM>SOFT,6.140350877192983,-0.34408324691231484,38.19373344310635
4,ANT,25.0,MEDIUM,HARD,24.0,3.0,92.95466666666668,92.485,41.75438596491228,35.614035087719294,0.08602150537634408,0.4319283870125385,0.4696666666666829,MEDIUM>HARD,6.1403508771929864,-0.34590688163619443,38.19373344310635
4,BEA,25.0,MEDIUM,HARD,24.0,3.0,95.55033333333334,93.882,41.75438596491228,35.614035087719294,0.30599036451231704,0.46276595744680854,1.6683333333333366,MEDIUM>HARD,6.1403508771929864,-0.1567755929344915,38.19373344310635
4,BOR,31.0,MEDIUM,HARD,30.0,3.0,95.08433333333333,93.68366666666668,34.38596491228069,28.245614035087716,0.052539726279048404,0.04981605795122691,1.4006666666666518,MEDIUM>HARD,6.140350877192976,0.0027236683278214976,38.19373344310635
4,BOT,20.0,SOFT,MEDIUM,13.0,3.0,97.175,96.75733333333334,47.89473684210526,41.75438596491228,0.18465939337649487,0.49876859970771886,0.41766666666666197,SOFT>MEDIUM,6.140350877192979,-0.31410920633122397,38.19373344310635
4,BOT,29.0,MEDIUM,MEDIUM,7.0,12.0,96.56700000000001,98.42900000000002,36.84210526315789,30.701754385964914,0.08808290155440414,0.16696057910343623,-1.862000000000009,MEDIUM>MEDIUM,6.140350877192976,-0.07887767754903209,38.19373344310635
4,COL,30.0,MEDIUM,HARD,29.0,3.0,94.302,93.089,35.614035087719294,29.473684210526315,0.051334008780817286,0.057347670250896064,1.213000000000008,MEDIUM>HARD,6.140350877192979,-0.006013661470078778,38.19373344310635
4,HAM,26.0,MEDIUM,HARD,25.0,3.0,94.41033333333333,92.75066666666667,40.52631578947368,34.385964912280706,0.08630085852930197,0.05216506829410056,1.6596666666666522,MEDIUM>HARD,6.140350877192972,0.03413579023520141,38.19373344310635
4,LEC,20.0,MEDIUM,HARD,19.0,3.0,93.64,93.48666666666666,47.89473684210526,41.75438596491228,0.04982553950013274,0.7775793789157267,0.15333333333333599,MEDIUM>HARD,6.140350877192979,-0.727753839415594,38.19373344310635
4,LIN,27.0,MEDIUM,HARD,26.0,3.0,95.981,94.20366666666666,39.29824561403509,33.1578947368421,0.04860296345025273,0.10983526586363467,1.7773333333333312,MEDIUM>HARD,6.1403508771929864,-0.061232302413381935,38.19373344310635
4,NOR,26.0,MEDIUM,HARD,25.0,3.0,93.17866666666667,92.589,40.52631578947368,34.385964912280706,0.04999712494968662,0.5275807951639154,0.5896666666666732,MEDIUM>HARD,6.140350877192972,-0.4775836702142288,38.19373344310635
4,OCO,30.0,MEDIUM,HARD,29.0,3.0,95.46233333333333,93.87766666666668,35.614035087719294,29.473684210526315,0.09598603839441537,0.04787234042553192,1.5846666666666493,MEDIUM>HARD,6.140350877192979,0.04811369796888345,38.19373344310635
4,PER,28.0,MEDIUM,HARD,27.0,3.0,96.52733333333333,95.09499999999998,38.070175438596486,31.929824561403507,0.04836907008766151,0.049049324882887844,1.4323333333333466,MEDIUM>HARD,6.140350877192979,-0.0006802547952263344,38.19373344310635
4,PIA,27.0,MEDIUM,HARD,26.0,3.0,94.19066666666667,92.26199999999999,39.29824561403509,33.1578947368421,0.04949608062709967,0.3464061887974932,1.928666666666686,MEDIUM>HARD,6.1403508771929864,-0.29691010817039354,38.19373344310635
4,RUS,19.0,MEDIUM,HARD,18.0,3.0,93.97366666666666,93.58366666666666,49.122807017543856,42.98245614035088,0.4184397163120568,0.6994175026089918,0.39000000000000057,MEDIUM>HARD,6.140350877192979,-0.28097778629693504,38.19373344310635
4,SAI,27.0,MEDIUM,HARD,26.0,3.0,95.425,93.35799999999999,39.29824561403509,33.1578947368421,0.23693300113284957,0.1440173873255548,2.0670000000000073,MEDIUM>HARD,6.1403508771929864,0.09291561380729477,38.19373344310635
4,STR,20.0,MEDIUM,SOFT,19.0,6.0,96.80399999999999,96.15066666666667,47.89473684210526,41.75438596491228,0.04819981400292281,0.3294281843915487,0.6533333333333218,MEDIUM>SOFT,6.140350877192979,-0.2812283703886259,38.19373344310635
4,STR,36.0,SOFT,SOFT,17.0,3.0,96.79333333333334,95.07133333333333,28.245614035087716,22.10526315789473,0.07870913284786633,0.05087719298245614,1.7220000000000084,SOFT>SOFT,6.1403508771929864,0.027831939865410195,38.19373344310635
5,ANT,29.0,SOFT,MEDIUM,32.0,3.0,76.05,77.21866666666666,42.20588235294118,36.029411764705884,0.927556305818869,0.18543084566715873,-1.1686666666666667,SOFT>MEDIUM,6.176470588235297,0.7421254601517103,18.332721047180428
5,BEA,28.0,SOFT,MEDIUM,32.0,3.0,77.521,78.63600000000001,43.23529411764705,37.05882352941177,0.13763440860215054,0.22393542025736912,-1.115000000000009,SOFT>MEDIUM,6.176470588235283,-0.08630101165521858,18.332721047180428
5,BOR,17.0,SOFT,MEDIUM,14.0,3.0,77.78566666666666,79.06,54.55882352941177,49.411764705882355,0.0256961676316515,0.15058287352591151,-1.2743333333333453,SOFT>MEDIUM,5.147058823529413,-0.12488670589426001,18.332721047180428
5,BOT,27.0,MEDIUM,SOFT,17.0,3.0,79.78899999999999,80.09233333333333,44.26470588235295,38.08823529411765,0.10784275427425549,0.051855107568890974,-0.30333333333334167,MEDIUM>SOFT,6.176470588235297,0.05598764670536452,18.332721047180428
5,BOT,48.0,SOFT,MEDIUM,17.666666666666668,3.0,79.35199999999999,81.99066666666666,22.99019607843138,17.500000000000004,0.19192446228285356,0.1618252149703107,-2.6386666666666656,SOFT>MEDIUM,5.490196078431378,0.030099247312542876,18.332721047180428
5,COL,29.0,MEDIUM,HARD,28.0,4.0,77.08133333333332,77.98466666666667,42.20588235294118,36.029411764705884,0.047761248520261805,0.034175302358988406,-0.9033333333333502,MEDIUM>HARD,6.176470588235297,0.013585946161273399,18.332721047180428
5,HAD,29.0,SOFT,MEDIUM,32.0,3.0,76.68,77.50866666666666,42.20588235294118,36.029411764705884,0.11096964038140507,0.1560597594435251,-0.8286666666666491,SOFT>MEDIUM,6.176470588235297,-0.04509011906212003,18.332721047180428
5,HAD,51.0,MEDIUM,SOFT,19.0,7.0,75.58333333333333,76.26066666666667,19.558823529411768,14.41176470588236,0.2185430463576159,0.05478182636077372,-0.6773333333333369,MEDIUM>SOFT,5.147058823529408,0.16376121999684218,18.332721047180428
5,HAD,60.0,SOFT,SOFT,11.0,17.0,75.00699999999999,75.54633333333334,10.294117647058828,4.117647058823536,0.24128371137482651,0.18901882188915997,-0.5393333333333459,SOFT>SOFT,6.176470588235292,0.052264889485666544,18.332721047180428
5,HAM,29.0,SOFT,MEDIUM,31.0,3.0,76.323,76.74833333333333,42.20588235294118,36.029411764705884,0.02620112372434354,0.036871653744718756,-0.42533333333334156,SOFT>MEDIUM,6.176470588235297,-0.010670530020375216,18.332721047180428
5,HUL,19.0,SOFT,MEDIUM,19.333333333333332,3.0,77.95433333333334,77.85966666666667,53.18627450980392,47.35294117647059,0.3743296583639581,0.0256961676316515,0.09466666666666868,SOFT>MEDIUM,5.833333333333336,0.3486334907323066,18.332721047180428
5,LEC,29.0,SOFT,MEDIUM,32.0,3.0,76.28233333333334,76.97433333333333,42.20588235294118,36.029411764705884,0.08949661736039445,0.7697522801887128,-0.6919999999999931,SOFT>MEDIUM,6.176470588235297,-0.6802556628283183,18.332721047180428
5,OCO,15.0,SOFT,MEDIUM,12.0,4.0,79.063,78.89433333333334,58.6764705882353,50.44117647058823,0.32083333333333336,0.07589899718249676,0.16866666666666674,SOFT>MEDIUM,8.235294117647065,0.2449343361508366,18.332721047180428
5,OCO,28.0,MEDIUM,SOFT,11.0,3.0,78.66866666666665,79.34566666666666,43.23529411764705,37.05882352941177,0.2137440334772386,0.4866213223473273,-0.6770000000000067,MEDIUM>SOFT,6.176470588235283,-0.27287728887008866,18.332721047180428
5,PER,14.0,SOFT,MEDIUM,9.666666666666666,3.6666666666666665,78.75533333333334,78.98833333333333,59.01960784313726,51.81372549019608,0.04240909457389341,0.025370882239047127,-0.23299999999998988,SOFT>MEDIUM,7.205882352941181,0.017038212334846287,18.332721047180428
5,PER,28.0,MEDIUM,SOFT,12.0,4.0,78.18966666666665,79.53766666666667,43.23529411764705,37.05882352941177,0.027723338232892372,0.7339347894903451,-1.3480000000000132,MEDIUM>SOFT,6.176470588235283,-0.7062114512574527,18.332721047180428
5,PIA,11.0,MEDIUM,MEDIUM,9.0,7.0,77.561,78.05766666666666,60.73529411764705,55.58823529411765,0.4051781551781552,0.17333605553287054,-0.4966666666666555,MEDIUM>MEDIUM,5.147058823529399,0.23184209964528465,18.332721047180428
5,PIA,50.0,MEDIUM,SOFT,41.0,7.0,76.37266666666666,77.40666666666667,20.588235294117652,15.44117647058824,0.050355616191221954,0.03668876673747412,-1.034000000000006,MEDIUM>SOFT,5.147058823529411,0.013666849453747833,18.332721047180428
5,SAI,28.0,MEDIUM,MEDIUM,33.0,3.0,76.901,79.04466666666667,43.23529411764705,37.05882352941177,0.09306035871500767,0.21994881538601177,-2.1436666666666753,MEDIUM>MEDIUM,6.176470588235283,-0.1268884566710041,18.332721047180428
5,STR,48.0,SOFT,MEDIUM,33.0,4.0,80.72033333333333,79.87133333333334,22.64705882352942,16.470588235294123,0.07836822329575953,0.10612404014990696,0.8489999999999895,SOFT>MEDIUM,6.176470588235297,-0.027755816854147436,18.332721047180428
5,VER,29.0,SOFT,MEDIUM,33.0,3.0,76.206,77.27,42.20588235294118,36.029411764705884,0.026258456599013876,0.13963899913693842,-1.063999999999993,SOFT>MEDIUM,6.176470588235297,-0.11338054253792454,18.332721047180428
6,ALB,42.0,MEDIUM,SOFT,41.0,3.0,79.66866666666667,82.83533333333334,34.1025641025641,29.615384615384613,,,-3.1666666666666714,MEDIUM>SOFT,4.487179487179489,0.0,41.760025855798254
6,ANT,36.0,MEDIUM,HARD,35.0,3.0,76.58266666666667,76.54299999999999,39.48717948717949,35.0,,,0.039666666666676065,MEDIUM>HARD,4.487179487179489,0.0,41.760025855798254
6,BOR,42.0,HARD,MEDIUM,40.0,3.0,81.32533333333333,77.02633333333334,34.1025641025641,29.615384615384613,,,4.298999999999992,HARD>MEDIUM,4.487179487179489,0.0,41.760025855798254
6,COL,34.0,MEDIUM,HARD,33.0,3.0,80.33033333333333,78.109,41.282051282051285,36.794871794871796,,,2.221333333333334,MEDIUM>HARD,4.487179487179489,0.0,41.760025855798254
6,GAS,44.0,MEDIUM,HARD,43.0,3.0,78.78066666666668,79.205,32.30769230769231,27.820512820512818,,,-0.42433333333332257,MEDIUM>HARD,4.487179487179489,0.0,41.760025855798254
6,HAD,31.0,MEDIUM,HARD,30.0,3.0,78.78366666666666,78.16199999999999,43.97435897435898,39.48717948717949,,,0.6216666666666697,MEDIUM>HARD,4.487179487179489,0.0,41.760025855798254
6,HAM,27.0,MEDIUM,HARD,26.0,3.0,77.98233333333333,76.921,47.56410256410256,43.07692307692307,,,1.061333333333323,MEDIUM>HARD,4.487179487179489,0.0,41.760025855798254
6,HUL,11.0,MEDIUM,HARD,10.0,3.0,79.279,76.39966666666666,61.92307692307693,57.43589743589744,,,2.879333333333335,MEDIUM>HARD,4.487179487179489,0.0,41.760025855798254
6,LAW,43.0,MEDIUM,SOFT,42.0,7.0,79.74833333333333,78.26633333333332,33.205128205128204,28.717948717948715,,,1.4820000000000135,MEDIUM>SOFT,4.487179487179489,0.0,41.760025855798254
6,LEC,34.0,MEDIUM,HARD,33.0,3.0,77.83066666666666,77.031,41.282051282051285,36.794871794871796,,,0.7996666666666528,MEDIUM>HARD,4.487179487179489,0.0,41.760025855798254
6,OCO,8.0,MEDIUM,HARD,7.0,3.0,79.53699999999999,77.65433333333334,64.6153846153846,60.12820512820512,,,1.8826666666666512,MEDIUM>HARD,4.487179487179482,0.0,41.760025855798254
6,PIA,47.0,MEDIUM,HARD,46.0,3.0,79.528,77.49166666666666,29.615384615384613,25.128205128205124,,,2.0363333333333458,MEDIUM>HARD,4.487179487179489,0.0,41.760025855798254
6,RUS,30.0,MEDIUM,HARD,29.0,3.0,78.74433333333333,76.84466666666667,44.87179487179488,40.38461538461539,,,1.8996666666666613,MEDIUM>HARD,4.487179487179496,0.0,41.760025855798254
6,SAI,51.0,MEDIUM,SOFT,50.0,3.0,78.095,79.726,26.025641025641022,21.538461538461537,,,-1.6310000000000002,MEDIUM>SOFT,4.4871794871794854,0.0,41.760025855798254
7,ALB,12.0,MEDIUM,HARD,11.0,3.0,86.53666666666668,84.99766666666666,59.3939393939394,54.09090909090909,0.06334019887936572,0.14814814814814814,1.5390000000000157,MEDIUM>HARD,5.3030303030303045,-0.08480794926878242,50.02625340539538
7,ALO,20.0,HARD,HARD,19.0,3.0,87.90066666666667,85.71866666666665,50.90909090909091,45.6060606060606,0.4607479149852031,0.0,2.1820000000000164,HARD>HARD,5.3030303030303045,0.4607479149852031,50.02625340539538
7,ANT,13.0,MEDIUM,HARD,12.0,3.0,83.50433333333335,81.84666666666668,58.333333333333336,53.03030303030303,0.0,0.0,1.657666666666671,MEDIUM>HARD,5.3030303030303045,0.0,50.02625340539538
7,ANT,36.0,HARD,HARD,21.0,5.0,82.93400000000001,80.90466666666667,33.93939393939394,26.51515151515152,0.8670926128757453,0.3292181069958848,2.0293333333333408,HARD>HARD,7.4242424242424185,0.5378745058798606,50.02625340539538
7,BEA,17.0,MEDIUM,HARD,16.0,3.0,86.24533333333333,84.47599999999998,54.09090909090909,48.78787878787879,0.028901734104046242,0.4991830065359477,1.7693333333333499,MEDIUM>HARD,5.3030303030303045,-0.4702812724319015,50.02625340539538
7,BOR,14.0,MEDIUM,HARD,13.0,3.0,86.70566666666666,83.64800000000001,57.27272727272727,51.96969696969697,0.5095674705999601,0.141086873871305,3.0576666666666483,MEDIUM>HARD,5.3030303030303045,0.3684805967286551,50.02625340539538
7,BOR,32.0,HARD,HARD,16.0,3.0,86.832,83.663,38.18181818181819,32.878787878787875,0.40514771960642043,0.0,3.168999999999997,HARD>HARD,5.303030303030312,0.40514771960642043,50.02625340539538
7,BOR,52.0,HARD,SOFT,18.0,3.0,84.07633333333332,81.919,16.969696969696972,11.666666666666671,0.1388888888888889,0.21626076718101261,2.1573333333333267,HARD>SOFT,5.303030303030301,-0.07737187829212372,50.02625340539538
7,COL,11.0,SOFT,HARD,10.0,3.0,85.99866666666667,83.949,60.45454545454546,55.151515151515156,0.23873619801022325,0.007889546351084813,2.049666666666667,SOFT>HARD,5.3030303030303045,0.23084665165913842,50.02625340539538
7,COL,33.0,HARD,HARD,20.0,3.0,85.00533333333334,84.21600000000001,37.121212121212125,31.818181818181824,0.5295169946332736,0.5856106128775754,0.7893333333333317,HARD>HARD,5.303030303030301,-0.05609361824430181,50.02625340539538
7,GAS,13.0,MEDIUM,HARD,12.0,3.0,85.85266666666666,83.25733333333334,58.333333333333336,53.03030303030303,0.5576748719343578,0.11976047904191617,2.595333333333329,MEDIUM>HARD,5.3030303030303045,0.43791439289244166,50.02625340539538
7,GAS,38.0,HARD,HARD,23.0,3.0,85.385,81.894,31.818181818181824,25.454545454545457,0.024904214559386975,0.034577784428151036,3.4909999999999997,HARD>HARD,6.363636363636367,-0.00967356986876406,50.02625340539538
7,HAD,14.0,MEDIUM,HARD,13.0,3.0,85.15066666666667,82.28133333333334,57.27272727272727,51.96969696969697,0.4104001834651989,0.16969696969696968,2.86933333333333,MEDIUM>HARD,5.3030303030303045,0.24070321376822923,50.02625340539538
7,HAD,31.0,HARD,HARD,15.0,3.0,84.16799999999999,81.78833333333334,39.24242424242425,33.93939393939394,0.173992673992674,0.1605691056910569,2.379666666666651,HARD>HARD,5.303030303030312,0.013423568301617117,50.02625340539538
7,HAM,10.0,SOFT,HARD,11.0,3.0,83.46300000000001,81.80633333333334,61.51515151515152,56.21212121212121,0.0,0.12039253828121103,1.6566666666666663,SOFT>HARD,5.303030303030312,-0.12039253828121103,50.02625340539538
7,HAM,26.0,HARD,MEDIUM,14.0,3.0,83.16166666666668,80.756,44.54545454545454,39.24242424242424,0.12392083303272972,0.23911765457659176,2.4056666666666757,HARD>MEDIUM,5.303030303030297,-0.11519682154386204,50.02625340539538
7,HAM,39.0,MEDIUM,HARD,11.0,3.0,81.39933333333333,80.18833333333333,30.75757575757576,24.393939393939394,0.06300813008130081,0.024974120082815732,1.2109999999999985,MEDIUM>HARD,6.363636363636367,0.03803400999848508,50.02625340539538
7,HUL,12.0,SOFT,HARD,11.0,3.0,85.52766666666666,84.45733333333334,59.3939393939394,54.09090909090909,0.38791423001949316,0.2117618053138415,1.0703333333333234,SOFT>HARD,5.3030303030303045,0.17615242470565165,50.02625340539538
7,LAW,10.0,MEDIUM,HARD,9.0,3.0,85.261,84.50733333333334,61.51515151515152,56.21212121212121,0.0,0.0,0.7536666666666605,MEDIUM>HARD,5.303030303030312,0.0,50.02625340539538
7,LAW,34.0,HARD,HARD,22.0,4.0,85.23666666666666,84.2,36.06060606060606,29.6969696969697,0.05098039215686275,0.1498247324558349,1.0366666666666617,HARD>HARD,6.363636363636363,-0.09884434029897216,50.02625340539538
7,LEC,15.0,MEDIUM,HARD,14.0,3.0,83.84833333333334,81.97866666666665,56.21212121212122,50.90909090909091,0.0,0.0,1.8696666666666886,MEDIUM>HARD,5.303030303030312,0.0,50.02625340539538
7,LEC,38.0,HARD,HARD,21.0,4.0,83.10233333333333,80.78866666666666,31.818181818181824,25.454545454545457,0.026262626262626262,0.24985302763080539,2.313666666666677,HARD>HARD,6.363636363636367,-0.22359040136817912,50.02625340539538
7,LIN,21.0,MEDIUM,HARD,20.0,3.0,86.382,83.96766666666667,49.84848484848485,44.54545454545454,0.04190476190476191,0.41323221407284055,2.4143333333333317,MEDIUM>HARD,5.303030303030312,-0.37132745216807866,50.02625340539538
7,NOR,12.0,MEDIUM,HARD,11.0,3.0,83.44600000000001,82.069,59.3939393939394,54.09090909090909,0.013972055888223553,0.36788617886178865,1.3770000000000095,MEDIUM>HARD,5.3030303030303045,-0.3539141229735651,50.02625340539538
7,NOR,34.0,HARD,HARD,20.0,3.0,83.187,80.83633333333334,36.06060606060606,30.75757575757576,0.20968905562369236,0.45267489711934156,2.3506666666666547,HARD>HARD,5.303030303030301,-0.2429858414956492,50.02625340539538
7,OCO,12.0,SOFT,HARD,11.0,3.0,86.69266666666665,84.34166666666665,59.3939393939394,54.09090909090909,0.0,0.17766741805203345,2.350999999999999,SOFT>HARD,5.3030303030303045,-0.17766741805203345,50.02625340539538
7,OCO,33.0,HARD,MEDIUM,19.0,4.0,86.64166666666665,83.192,37.121212121212125,30.75757575757576,0.15304156344618772,0.003992015968063873,3.4496666666666584,HARD>MEDIUM,6.363636363636363,0.14904954747812385,50.02625340539538
7,PER,11.0,SOFT,HARD,10.0,3.0,86.87333333333333,84.77266666666667,60.45454545454546,55.151515151515156,0.05563306978495338,0.24804779865508608,2.100666666666669,SOFT>HARD,5.3030303030303045,-0.1924147288701327,50.02625340539538
7,PER,30.0,HARD,HARD,17.0,3.0,86.83933333333334,84.39766666666667,40.303030303030305,35.0,0.07238095238095238,0.1234683932052353,2.441666666666677,HARD>HARD,5.3030303030303045,-0.05108744082428292,50.02625340539538
7,PER,37.0,HARD,MEDIUM,5.0,3.0,85.00566666666667,84.35866666666666,32.87878787878788,26.515151515151516,0.46138742318632886,0.30345690625180677,0.6470000000000056,HARD>MEDIUM,6.363636363636367,0.1579305169345221,50.02625340539538
7,PIA,13.0,MEDIUM,HARD,12.0,3.0,84.07099999999998,82.34633333333333,58.333333333333336,53.03030303030303,0.0,0.0770140428677014,1.72466666666665,MEDIUM>HARD,5.3030303030303045,-0.0770140428677014,50.02625340539538
7,PIA,35.0,HARD,HARD,20.0,3.6666666666666665,83.16033333333333,81.75733333333334,35.0,28.98989898989899,0.13052208835341364,0.028806584362139915,1.4029999999999916,HARD>HARD,6.01010101010101,0.10171550399127373,50.02625340539538
7,RUS,11.0,MEDIUM,HARD,10.0,3.0,83.46966666666667,81.97433333333333,60.45454545454546,55.151515151515156,0.0,0.024390243902439022,1.4953333333333347,MEDIUM>HARD,5.3030303030303045,-0.024390243902439022,50.02625340539538
7,RUS,35.0,HARD,HARD,22.0,4.0,83.00233333333334,80.84266666666667,35.0,28.636363636363637,0.0,0.3379853283234926,2.1596666666666664,HARD>HARD,6.363636363636363,-0.3379853283234926,50.02625340539538
7,SAI,13.0,SOFT,HARD,12.0,3.0,86.337,84.24433333333333,58.333333333333336,53.03030303030303,0.0019267822736030828,0.021825396825396828,2.0926666666666733,SOFT>HARD,5.3030303030303045,-0.019898614551793745,50.02625340539538
7,SAI,29.0,HARD,HARD,14.0,3.0,85.39299999999999,84.027,41.36363636363637,36.06060606060606,0.0,0.1488095238095238,1.3659999999999854,HARD>HARD,5.3030303030303045,-0.1488095238095238,50.02625340539538
7,SAI,54.0,HARD,MEDIUM,23.0,3.0,84.53333333333335,82.19866666666667,14.848484848484851,9.545454545454547,0.009861932938856016,0.2230229120473023,2.3346666666666778,HARD>MEDIUM,5.3030303030303045,-0.21316097910844628,50.02625340539538
7,VER,11.0,SOFT,MEDIUM,13.0,3.0,84.153,82.00633333333333,60.45454545454546,55.151515151515156,0.00992063492063492,0.08130081300813008,2.1466666666666754,SOFT>MEDIUM,5.3030303030303045,-0.07138017808749517,50.02625340539538
7,VER,28.0,MEDIUM,HARD,15.0,3.0,83.33466666666668,81.49566666666668,42.42424242424242,37.121212121212125,0.041952240098117016,0.034552845528455285,1.8389999999999986,MEDIUM>HARD,5.303030303030297,0.007399394569661731,50.02625340539538
7,VER,39.0,HARD,MEDIUM,9.0,3.0,81.96733333333333,80.485,30.75757575757576,25.454545454545457,0.02032520325203252,0.11424705416251309,1.4823333333333295,HARD>MEDIUM,5.3030303030303045,-0.09392185091048057,50.02625340539538
8,ALB,17.0,MEDIUM,MEDIUM,16.0,3.0,74.96966666666667,73.889,55.2112676056338,50.28169014084508,0.024489187173750936,0.29734326162897595,1.0806666666666729,MEDIUM>MEDIUM,4.929577464788721,-0.272854074455225,51.092599240344256
8,ALB,36.0,MEDIUM,HARD,17.0,3.0,74.382,73.44633333333333,36.478873239436616,31.549295774647888,0.06680129794223753,0.14093545600394916,0.9356666666666769,MEDIUM>HARD,4.9295774647887285,-0.07413415806171163,51.092599240344256
8,ALO,22.0,MEDIUM,SOFT,21.0,3.0,76.23233333333333,75.10366666666665,50.28169014084508,44.36619718309859,0.33241600733860793,0.20812362030905077,1.1286666666666747,MEDIUM>SOFT,5.915492957746487,0.12429238702955717,51.092599240344256
8,ALO,48.0,SOFT,SOFT,23.0,3.0,75.71900000000001,73.264,24.64788732394366,19.718309859154928,0.20346320346320346,0.6034718941898914,2.4550000000000125,SOFT>SOFT,4.929577464788732,-0.400008690726688,51.092599240344256
8,ANT,23.0,MEDIUM,HARD,22.0,4.0,73.29733333333333,71.60966666666667,49.29577464788732,43.38028169014084,0.027212143650499815,0.841508029008029,1.687666666666658,MEDIUM>HARD,5.91549295774648,-0.8142958853575292,51.092599240344256
8,ANT,50.0,HARD,HARD,25.0,4.0,72.02699999999999,70.43266666666666,22.67605633802817,16.76056338028169,0.18901749591404768,0.07328605200945627,1.5943333333333243,HARD>HARD,5.915492957746483,0.1157314439045914,51.092599240344256
8,BEA,23.0,MEDIUM,HARD,22.0,4.0,75.01766666666667,73.07600000000001,49.29577464788732,43.38028169014084,0.21769402096883317,0.20022986363495168,1.9416666666666629,MEDIUM>HARD,5.91549295774648,0.017464157333881486,51.092599240344256
8,BEA,44.0,HARD,MEDIUM,19.0,3.0,74.13033333333333,72.83533333333334,28.591549295774644,23.661971830985916,0.13879315557167907,0.06122448979591837,1.2949999999999875,HARD>MEDIUM,4.9295774647887285,0.07756866577576069,51.092599240344256
8,BOR,16.0,SOFT,MEDIUM,15.0,3.0,74.29233333333333,72.87299999999999,56.19718309859155,51.267605633802816,0.13646532438478748,0.5376476145488899,1.4193333333333413,SOFT>MEDIUM,4.929577464788736,-0.4011822901641024,51.092599240344256
8,BOR,43.0,MEDIUM,HARD,25.0,3.0,74.109,72.19333333333333,29.577464788732396,24.64788732394366,0.28603603603603606,0.016203703703703703,1.9156666666666666,MEDIUM>HARD,4.929577464788736,0.26983233233233234,51.092599240344256
8,COL,19.0,MEDIUM,HARD,18.0,5.666666666666667,74.554,72.979,53.239436619718305,45.68075117370893,0.13199105145413872,0.25407022516139194,1.5750000000000028,MEDIUM>HARD,7.5586854460093775,-0.12207917370725321,51.092599240344256
8,COL,45.0,HARD,MEDIUM,24.0,3.0,74.305,72.205,27.6056338028169,22.67605633802817,0.21103452418494992,0.31936462324393355,2.1000000000000085,HARD>MEDIUM,4.9295774647887285,-0.10833009905898364,51.092599240344256
8,GAS,12.0,MEDIUM,HARD,11.0,3.0,75.22833333333334,73.192,60.140845070422536,55.2112676056338,0.9713024282560706,0.2853570652005094,2.0363333333333458,MEDIUM>HARD,4.929577464788736,0.6859453630555612,51.092599240344256
8,GAS,37.0,HARD,MEDIUM,23.0,3.0,73.87433333333334,72.37766666666667,35.49295774647887,30.563380281690144,0.0,0.23287671232876714,1.4966666666666697,HARD>MEDIUM,4.9295774647887285,-0.23287671232876714,51.092599240344256
8,GAS,50.0,MEDIUM,SOFT,11.0,3.0,72.83466666666666,72.63366666666667,22.67605633802817,17.746478873239436,0.12934553131597468,0.6425910765096564,0.2009999999999934,MEDIUM>SOFT,4.929577464788736,-0.5132455451936817,51.092599240344256
8,HAD,17.0,MEDIUM,MEDIUM,16.0,3.0,73.58033333333334,71.635,55.2112676056338,50.28169014084508,0.036281179138321996,0.7513759388759388,1.9453333333333376,MEDIUM>MEDIUM,4.929577464788721,-0.7150947597376168,51.092599240344256
8,HAD,39.0,MEDIUM,HARD,20.0,3.0,72.45666666666666,71.45700000000001,33.521126760563384,28.591549295774644,0.0,0.39478711348551077,0.9996666666666556,MEDIUM>HARD,4.929577464788739,-0.39478711348551077,51.092599240344256
8,HAM,11.0,MEDIUM,HARD,10.0,3.0,73.33366666666666,72.473,61.12676056338029,56.19718309859155,0.07401064568386946,0.30344827586206896,0.8606666666666598,MEDIUM>HARD,4.929577464788736,-0.22943763017819951,51.092599240344256
8,HAM,23.0,HARD,SOFT,10.0,5.0,72.75533333333334,71.25333333333333,49.29577464788732,43.38028169014084,0.22084584584584585,0.6499885091434386,1.5020000000000095,HARD>SOFT,5.91549295774648,-0.42914266329759276,51.092599240344256
8,HAM,41.0,SOFT,HARD,17.0,3.0,72.28266666666667,71.20233333333333,31.549295774647888,26.619718309859156,0.5257024265644955,0.14944679733412128,1.0803333333333427,SOFT>HARD,4.929577464788732,0.37625562923037426,51.092599240344256
8,HUL,20.0,MEDIUM,MEDIUM,19.0,5.0,74.53566666666666,72.93499999999999,52.25352112676055,45.35211267605634,0.0,0.2785388127853881,1.600666666666669,MEDIUM>MEDIUM,6.90140845070421,-0.2785388127853881,51.092599240344256
8,HUL,44.0,MEDIUM,HARD,22.0,3.0,73.01800000000001,72.41166666666668,28.591549295774644,23.661971830985916,0.0,0.0,0.6063333333333389,MEDIUM>HARD,4.9295774647887285,0.0,51.092599240344256
8,LAW,18.0,MEDIUM,HARD,17.0,3.0,74.349,73.13466666666666,54.225352112676056,49.29577464788733,0.09999999999999999,0.6699657853413168,1.214333333333343,MEDIUM>HARD,4.9295774647887285,-0.5699657853413168,51.092599240344256
8,LAW,44.0,HARD,MEDIUM,24.0,3.0,73.63566666666667,72.127,28.591549295774644,23.661971830985916,0.486057486057486,0.279757343550447,1.5086666666666702,HARD>MEDIUM,4.9295774647887285,0.20630014250703899,51.092599240344256
8,LEC,12.0,MEDIUM,HARD,11.0,3.0,73.329,72.77666666666666,60.140845070422536,55.2112676056338,0.05234057093156897,0.2191780821917808,0.5523333333333369,MEDIUM>HARD,4.929577464788736,-0.16683751126021185,51.092599240344256
8,LEC,36.0,HARD,HARD,22.0,3.0,72.36466666666666,71.45566666666667,36.478873239436616,31.549295774647888,0.0,0.06018518518518518,0.9089999999999918,HARD>HARD,4.9295774647887285,-0.06018518518518518,51.092599240344256
8,LEC,58.0,HARD,SOFT,20.0,6.0,72.91866666666667,70.968,14.788732394366194,9.859154929577464,0.36052431742086916,0.23474178403755866,1.9506666666666632,HARD>SOFT,4.92957746478873,0.1257825333833105,51.092599240344256
8,LIN,17.0,MEDIUM,HARD,16.0,3.0,74.44333333333334,72.89566666666666,55.2112676056338,50.28169014084508,0.09843400447427293,0.5127062319180545,1.5476666666666858,MEDIUM>HARD,4.929577464788721,-0.4142722274437816,51.092599240344256
8,LIN,45.0,HARD,MEDIUM,26.0,3.0,73.95433333333334,72.04766666666667,27.6056338028169,22.67605633802817,0.0,0.38425925925925924,1.9066666666666663,HARD>MEDIUM,4.9295774647887285,-0.38425925925925924,51.092599240344256
8,NOR,20.0,MEDIUM,HARD,19.0,5.0,73.78866666666667,71.82966666666665,52.25352112676055,45.35211267605634,0.0971532757247043,0.0,1.9590000000000174,MEDIUM>HARD,6.90140845070421,0.0971532757247043,51.092599240344256
8,NOR,46.0,HARD,HARD,24.0,3.0,72.36399999999999,71.00966666666666,26.619718309859156,21.69014084507042,0.17592592592592593,0.14553990610328638,1.3543333333333294,HARD>HARD,4.929577464788736,0.030386019822639554,51.092599240344256
8,OCO,17.0,MEDIUM,MEDIUM,16.0,3.0,75.44066666666667,74.16066666666667,55.2112676056338,50.28169014084508,0.40397350993377484,0.3836991353769877,1.2800000000000011,MEDIUM>MEDIUM,4.929577464788721,0.020274374556787156,51.092599240344256
8,OCO,32.0,MEDIUM,HARD,13.0,3.0,73.345,73.07,40.42253521126761,35.49295774647887,0.0,0.0,0.2750000000000057,MEDIUM>HARD,4.929577464788736,0.0,51.092599240344256
8,PIA,18.0,MEDIUM,HARD,17.0,3.0,73.24366666666667,71.48966666666666,54.225352112676056,49.29577464788733,0.0,0.0,1.7540000000000049,MEDIUM>HARD,4.9295774647887285,0.0,51.092599240344256
8,PIA,41.0,HARD,HARD,21.0,3.0,72.05233333333332,70.73066666666666,31.549295774647888,26.619718309859156,0.041666666666666664,0.1651017214397496,1.3216666666666583,HARD>HARD,4.929577464788732,-0.12343505477308295,51.092599240344256
8,RUS,18.0,MEDIUM,HARD,17.0,3.0,72.865,71.538,54.225352112676056,49.29577464788733,0.0,0.11188811188811189,1.3269999999999982,MEDIUM>HARD,4.9295774647887285,-0.11188811188811189,51.092599240344256
8,RUS,42.0,HARD,HARD,22.0,3.0,72.13133333333333,70.93633333333334,30.563380281690144,25.633802816901408,0.0,0.07239332771247664,1.1949999999999932,HARD>HARD,4.929577464788736,-0.07239332771247664,51.092599240344256
8,SAI,13.0,SOFT,MEDIUM,12.0,3.0,75.28733333333332,74.10366666666665,59.15492957746479,54.225352112676056,0.7674760853568801,0.0045045045045045045,1.1836666666666673,SOFT>MEDIUM,4.929577464788736,0.7629715808523756,51.092599240344256
8,STR,22.0,MEDIUM,SOFT,21.0,3.0,76.61133333333332,75.00833333333334,50.28169014084508,44.36619718309859,0.33865263277027985,0.2246201985641386,1.6029999999999802,MEDIUM>SOFT,5.915492957746487,0.11403243420614126,51.092599240344256
8,VER,17.0,MEDIUM,HARD,16.0,3.0,72.70800000000001,71.791,55.2112676056338,50.28169014084508,0.0,0.5711759504862953,0.9170000000000158,MEDIUM>HARD,4.929577464788721,-0.5711759504862953,51.092599240344256
8,VER,48.0,HARD,HARD,29.0,4.333333333333333,72.56366666666666,70.69433333333335,24.64788732394366,18.403755868544597,0.02528735632183908,0.07746478873239436,1.8693333333333157,HARD>HARD,6.244131455399064,-0.05217743241055528,51.092599240344256
9,ALB,13.0,HARD,MEDIUM,11.0,10.0,99.005,96.495,55.1923076923077,48.46153846153846,0.1580622848904556,0.020708046964490263,2.509999999999991,HARD>MEDIUM,6.730769230769241,0.13735423792596532,40.54075058036027
9,ALB,22.0,MEDIUM,SOFT,13.666666666666666,5.0,96.71300000000001,95.18700000000001,43.52564102564102,36.34615384615385,0.14261168384879724,0.0,1.5259999999999962,MEDIUM>SOFT,7.179487179487175,0.14261168384879724,40.54075058036027
9,ALO,19.0,MEDIUM,HARD,18.0,3.0,99.35566666666666,98.24666666666667,47.11538461538461,40.38461538461538,0.6479535725766882,0.21137060533967753,1.1089999999999947,MEDIUM>HARD,6.7307692307692335,0.4365829672370106,40.54075058036027
9,BEA,28.0,MEDIUM,HARD,27.0,3.0,97.04066666666667,94.77166666666666,35.0,28.269230769230763,0.3872411666226099,0.37630186577554997,2.2690000000000055,MEDIUM>HARD,6.730769230769237,0.010939300847059907,40.54075058036027
9,BOR,25.0,MEDIUM,HARD,24.0,3.0,95.63533333333334,93.832,39.03846153846154,32.3076923076923,0.015706806282722512,0.6233170250692153,1.8033333333333417,MEDIUM>HARD,6.730769230769241,-0.6076102187864928,40.54075058036027
9,BOT,28.0,MEDIUM,HARD,27.0,3.0,98.008,96.09633333333333,35.0,28.269230769230763,0.13106859299752702,0.0,1.9116666666666617,MEDIUM>HARD,6.730769230769237,0.13106859299752702,40.54075058036027
9,COL,20.0,MEDIUM,HARD,19.0,3.0,96.03333333333335,94.56833333333333,45.76923076923077,37.692307692307686,0.0,0.0982456140350877,1.4650000000000176,MEDIUM>HARD,8.07692307692308,-0.0982456140350877,40.54075058036027
9,HAD,37.0,HARD,MEDIUM,17.0,3.0,94.515,92.628,22.884615384615376,16.15384615384615,0.11058230683090704,0.03243264302170333,1.8870000000000005,HARD>MEDIUM,6.730769230769226,0.07814966380920371,40.54075058036027
9,HAM,21.0,MEDIUM,HARD,20.0,3.0,94.60066666666667,92.63066666666667,44.42307692307693,36.34615384615385,0.08641975308641975,0.7658916981497627,1.9699999999999989,MEDIUM>HARD,8.07692307692308,-0.6794719450633429,40.54075058036027
9,HUL,16.0,MEDIUM,HARD,15.0,3.3333333333333335,95.96999999999998,95.49333333333334,51.15384615384615,43.97435897435897,0.11284722222222222,0.28661754462508804,0.47666666666664526,MEDIUM>HARD,7.179487179487182,-0.17377032240286583,40.54075058036027
9,LAW,27.0,MEDIUM,HARD,26.0,3.0,95.68933333333332,94.16066666666666,36.34615384615385,29.615384615384613,0.26443312388069434,0.12393523209126045,1.5286666666666662,MEDIUM>HARD,6.7307692307692335,0.1404978917894339,40.54075058036027
9,LEC,24.0,MEDIUM,HARD,22.666666666666668,3.0,94.35466666666666,93.12833333333333,40.833333333333336,33.65384615384615,0.1541333633532215,0.07164625380944166,1.2263333333333293,MEDIUM>HARD,7.179487179487182,0.08248710954377984,40.54075058036027
9,LIN,26.0,MEDIUM,HARD,25.0,3.0,95.622,93.76933333333334,37.69230769230769,30.961538461538463,0.2019797120418848,0.2536598778776501,1.8526666666666642,MEDIUM>HARD,6.73076923076923,-0.05168016583576529,40.54075058036027
9,NOR,27.0,MEDIUM,HARD,26.0,3.0,94.58933333333334,93.18366666666667,36.34615384615385,29.615384615384613,0.0,0.1663024936269718,1.4056666666666757,MEDIUM>HARD,6.7307692307692335,-0.1663024936269718,40.54075058036027
9,NOR,37.0,HARD,MEDIUM,8.0,9.0,93.653,93.02766666666668,22.884615384615376,16.15384615384615,0.0,0.07846022665757012,0.6253333333333302,HARD>MEDIUM,6.730769230769226,-0.07846022665757012,40.54075058036027
9,OCO,20.0,MEDIUM,HARD,19.0,3.0,96.74399999999999,95.926,45.76923076923077,39.03846153846154,0.0,0.6772825978020719,0.8179999999999836,MEDIUM>HARD,6.730769230769226,-0.6772825978020719,40.54075058036027
9,PER,20.0,MEDIUM,HARD,19.0,3.0,97.13066666666667,96.83600000000001,45.76923076923077,39.03846153846154,0.0,0.3927292602872499,0.2946666666666573,MEDIUM>HARD,6.730769230769226,-0.3927292602872499,40.54075058036027
9,PIA,35.0,HARD,MEDIUM,32.0,7.0,96.016,93.283,25.576923076923077,17.499999999999993,0.3032670518767689,0.5603185555747225,2.733000000000004,HARD>MEDIUM,8.076923076923084,-0.25705150369795365,40.54075058036027
9,RUS,21.0,MEDIUM,HARD,20.0,3.0,94.51299999999999,92.83933333333334,44.42307692307693,36.34615384615385,0.0,0.025089605734767026,1.673666666666648,MEDIUM>HARD,8.07692307692308,-0.025089605734767026,40.54075058036027
9,RUS,33.0,HARD,MEDIUM,9.0,9.666666666666666,94.02999999999999,92.52333333333335,28.269230769230763,20.641025641025635,0.8918439716312058,0.0954954954954955,1.5066666666666322,HARD>MEDIUM,7.628205128205128,0.7963484761357102,40.54075058036027
9,SAI,19.0,MEDIUM,HARD,18.0,3.0,96.51033333333334,95.63633333333333,47.11538461538461,40.38461538461538,0.0,0.07081174438687392,0.8740000000000094,MEDIUM>HARD,6.7307692307692335,-0.07081174438687392,40.54075058036027
9,STR,17.0,MEDIUM,HARD,16.0,3.6666666666666665,99.36033333333334,98.53833333333334,49.807692307692314,42.179487179487175,0.07370184254606366,0.20878200526441734,0.8220000000000027,MEDIUM>HARD,7.628205128205138,-0.13508016271835369,40.54075058036027
9,VER,16.0,MEDIUM,HARD,15.0,3.0,94.62599999999999,93.77199999999999,51.15384615384615,44.42307692307691,0.9294718277174416,0.06382978723404255,0.8539999999999992,MEDIUM>HARD,6.730769230769241,0.8656420404833991,40.54075058036027
9,VER,37.0,HARD,MEDIUM,19.0,3.0,93.98733333333332,92.52666666666666,22.884615384615376,16.15384615384615,0.0320855614973262,0.06143773507027364,1.4606666666666683,HARD>MEDIUM,6.730769230769226,-0.02935217357294744,40.54075058036027
10,ALB,17.0,MEDIUM,HARD,16.0,4.0,113.50633333333333,112.17199999999998,46.13636363636363,36.59090909090909,0.013215859030837005,0.013373015873015872,1.3343333333333476,MEDIUM>HARD,9.54545454545454,-0.00015715684217886688,31.204103797664626
10,ALO,30.0,SOFT,HARD,10.0,3.0,119.21933333333332,115.55066666666666,25.454545454545457,17.500000000000004,0.07905273463480561,0.27255576876328597,3.6686666666666667,SOFT>HARD,7.954545454545453,-0.19350303412848036,31.204103797664626
10,BEA,19.0,HARD,HARD,16.333333333333332,3.0,113.26533333333334,111.27866666666667,44.01515151515152,35.0,0.46842878120411163,0.03451433496276546,1.9866666666666788,HARD>HARD,9.015151515151523,0.4339144462413462,31.204103797664626
10,BOR,19.0,MEDIUM,HARD,17.333333333333332,3.0,112.21566666666666,110.43733333333334,44.01515151515152,35.0,0.21648809523809523,0.009049897285191401,1.7783333333333218,MEDIUM>HARD,9.015151515151523,0.20743819795290383,31.204103797664626
10,BOT,31.0,HARD,SOFT,29.0,3.0,114.83666666666666,112.77266666666667,23.863636363636363,15.909090909090912,0.01161318903866844,0.08393626397188636,2.063999999999993,HARD>SOFT,7.9545454545454515,-0.07232307493321792,31.204103797664626
10,COL,14.0,MEDIUM,HARD,13.0,4.0,113.10000000000001,111.992,50.90909090909091,41.36363636363637,0.5237742518160435,0.3709334294255819,1.108000000000004,MEDIUM>HARD,9.54545454545454,0.15284082239046165,31.204103797664626
10,GAS,13.0,MEDIUM,HARD,12.0,3.3333333333333335,112.29899999999999,112.23666666666668,52.5,44.01515151515152,0.7839882535021231,0.706703272900096,0.06233333333331359,MEDIUM>HARD,8.484848484848477,0.07728498060202704,31.204103797664626
10,HAD,19.0,HARD,HARD,15.333333333333334,4.0,111.383,109.83533333333332,44.01515151515152,35.0,0.01646283134511834,0.013657119136571189,1.5476666666666716,HARD>HARD,9.015151515151523,0.002805712208547152,31.204103797664626
10,HAM,19.0,MEDIUM,HARD,17.333333333333332,3.0,112.04533333333332,110.04266666666666,44.01515151515152,35.0,0.09686230935090018,0.0136365514689447,2.0026666666666557,MEDIUM>HARD,9.015151515151523,0.08322575788195548,31.204103797664626
10,HUL,19.0,MEDIUM,HARD,17.333333333333332,3.0,112.14433333333334,111.75566666666667,44.01515151515152,35.0,0.07293751631195577,0.7080652080652081,0.3886666666666656,MEDIUM>HARD,9.015151515151523,-0.6351276917532523,31.204103797664626
10,LAW,14.0,MEDIUM,HARD,13.0,4.333333333333333,112.44933333333334,112.30266666666667,50.90909090909091,40.833333333333336,0.486792328042328,0.2856098682929445,0.14666666666667538,MEDIUM>HARD,10.07575757575757,0.20118245974938354,31.204103797664626
10,LEC,19.0,MEDIUM,HARD,17.333333333333332,3.0,111.15566666666666,109.548,44.01515151515152,35.0,0.4494000727184584,0.3409436834094368,1.6076666666666597,MEDIUM>HARD,9.015151515151523,0.10845638930902157,31.204103797664626
10,LIN,15.0,MEDIUM,HARD,14.0,5.333333333333333,112.20166666666667,110.73933333333332,49.31818181818181,37.651515151515156,0.03123015873015873,0.025559496147731443,1.4623333333333477,MEDIUM>HARD,11.666666666666657,0.005670662582427287,31.204103797664626
10,NOR,29.0,HARD,MEDIUM,28.0,3.0,111.17099999999999,109.39866666666667,27.045454545454547,19.090909090909093,0.25948004808298925,0.0867579908675799,1.7723333333333215,HARD>MEDIUM,7.954545454545453,0.17272205721540934,31.204103797664626
10,OCO,15.0,HARD,HARD,13.0,4.666666666666667,113.50999999999999,112.09633333333333,49.31818181818181,38.71212121212122,0.11306901615271658,0.15585978835978836,1.413666666666657,HARD>HARD,10.606060606060595,-0.04279077220707178,31.204103797664626
10,PIA,19.0,MEDIUM,HARD,17.333333333333332,3.0,112.363,109.67733333333335,44.01515151515152,35.0,0.050213337547408345,0.29342742493427426,2.6856666666666484,MEDIUM>HARD,9.015151515151523,-0.24321408738686592,31.204103797664626
10,SAI,13.0,SOFT,HARD,12.0,4.666666666666667,114.01066666666668,112.19733333333333,52.5,41.8939393939394,0.41351215472714714,0.1986441798941799,1.8133333333333468,SOFT>HARD,10.606060606060602,0.21486797483296724,31.204103797664626
10,VER,16.0,MEDIUM,HARD,15.0,4.333333333333333,111.23366666666668,109.79166666666667,47.72727272727273,37.651515151515156,0.07335137828411371,0.02125363221253632,1.4420000000000073,MEDIUM>HARD,10.07575757575757,0.0520977460715774,31.204103797664626
11,ALB,25.0,MEDIUM,HARD,24.0,3.0,88.87033333333333,86.68233333333335,47.0,42.0,0.025925925925925925,0.07324244854317027,2.187999999999988,MEDIUM>HARD,5.0,-0.04731652261724435,50.25669608583524
11,ALB,53.0,HARD,SOFT,26.0,3.0,87.20533333333333,85.90733333333333,19.0,14.0,0.0,0.20539733562670995,1.2980000000000018,HARD>SOFT,5.0,-0.20539733562670995,50.25669608583524
11,ALO,33.0,SOFT,MEDIUM,32.0,3.3333333333333335,88.50099999999999,86.60266666666666,39.0,33.666666666666664,0.0375379437105775,0.08972085385878488,1.8983333333333263,SOFT>MEDIUM,5.333333333333336,-0.05218291014820738,50.25669608583524
11,ALO,54.0,MEDIUM,SOFT,19.0,6.0,86.12333333333333,84.04599999999999,18.0,13.0,0.056089528162387416,0.10105545212096816,2.0773333333333426,MEDIUM>SOFT,5.0,-0.04496592395858074,50.25669608583524
11,ANT,21.0,MEDIUM,HARD,20.0,3.0,85.61466666666666,84.35366666666665,51.0,46.0,0.001937984496124031,0.05924204001127078,1.26100000000001,MEDIUM>HARD,5.0,-0.05730405551514675,50.25669608583524
11,ANT,52.0,HARD,HARD,28.666666666666668,4.333333333333333,84.842,82.45,20.333333333333332,13.666666666666666,0.09250493096646943,0.0404040404040404,2.391999999999996,HARD>HARD,6.666666666666666,0.05210089056242903,50.25669608583524
11,BEA,21.0,MEDIUM,HARD,20.0,3.0,88.54466666666667,86.49633333333333,51.0,46.0,0.095733875063484,0.10775752621963876,2.048333333333346,MEDIUM>HARD,5.0,-0.012023651156154752,50.25669608583524
11,BEA,41.0,HARD,HARD,18.0,3.0,88.54,86.24033333333334,31.0,26.0,0.11055690072639225,0.12740287673074338,2.299666666666667,HARD>HARD,5.0,-0.01684597600435113,50.25669608583524
11,BOR,28.0,SOFT,HARD,27.0,3.0,87.353,85.57233333333335,44.0,39.0,0.0,0.06812668616382145,1.7806666666666473,SOFT>HARD,5.0,-0.06812668616382145,50.25669608583524
11,COL,14.0,MEDIUM,HARD,13.0,3.0,88.58666666666666,86.60833333333333,58.0,53.0,0.280982905982906,0.10021740037361343,1.9783333333333246,MEDIUM>HARD,5.0,0.18076550560929255,50.25669608583524
11,COL,36.0,HARD,HARD,20.0,3.0,88.15599999999999,85.07333333333332,36.0,31.0,0.10594739530132789,0.13935762754529127,3.082666666666668,HARD>HARD,5.0,-0.033410232243963375,50.25669608583524
11,GAS,15.0,MEDIUM,HARD,14.0,3.0,88.06700000000001,86.12866666666667,57.0,52.0,0.0023148148148148147,0.07925572433570821,1.9383333333333326,MEDIUM>HARD,5.0,-0.0769409095208934,50.25669608583524
11,GAS,37.0,HARD,HARD,20.0,3.0,87.54866666666665,85.19033333333333,35.0,29.0,0.0019157088122605363,0.1546189602869765,2.35833333333332,HARD>HARD,6.0,-0.15270325147471597,50.25669608583524
11,GAS,54.0,HARD,SOFT,14.0,3.0,85.77266666666667,83.27999999999999,18.0,13.0,0.0659708055668888,0.09602612955906369,2.492666666666679,HARD>SOFT,5.0,-0.030055323992174893,50.25669608583524
11,HAD,18.0,MEDIUM,HARD,17.0,3.0,87.045,84.778,54.0,49.0,0.0,0.0,2.266999999999996,MEDIUM>HARD,5.0,0.0,50.25669608583524
11,HAD,41.0,HARD,HARD,20.666666666666668,3.0,86.86366666666667,83.79766666666667,31.333333333333332,26.0,0.1127725195224187,0.05343266557353674,3.0660000000000025,HARD>HARD,5.333333333333332,0.05933985394888195,50.25669608583524
11,HAM,12.0,SOFT,HARD,11.0,3.0,85.64533333333333,85.36433333333332,60.0,55.0,0.10752688172043011,0.12557310450607304,0.2810000000000059,SOFT>HARD,5.0,-0.018046222785642926,50.25669608583524
11,HAM,29.0,HARD,HARD,15.0,3.0,85.68533333333333,84.02633333333334,43.0,38.0,0.11478308173534611,0.055532074762844,1.6589999999999918,HARD>HARD,5.0,0.059251006972502115,50.25669608583524
11,HAM,55.0,HARD,SOFT,24.0,6.0,84.42933333333333,83.53099999999999,17.0,12.0,0.10453648915187376,0.09170274170274169,0.8983333333333405,HARD>SOFT,5.0,0.012833747449132071,50.25669608583524
11,HUL,18.0,MEDIUM,HARD,17.0,3.0,87.92333333333333,86.88100000000001,54.0,49.0,0.1612590799031477,0.15724165429247097,1.0423333333333176,MEDIUM>HARD,5.0,0.0040174256106767225,50.25669608583524
11,HUL,37.0,HARD,SOFT,17.0,6.0,86.21300000000001,84.887,35.0,29.0,0.146715508356858,0.03333333333333333,1.3260000000000076,HARD>SOFT,6.0,0.11338217502352468,50.25669608583524
11,LAW,20.0,MEDIUM,HARD,19.0,3.0,87.64766666666667,86.069,52.0,47.0,0.07045454545454545,0.04438359868843592,1.5786666666666633,MEDIUM>HARD,5.0,0.026070946766109528,50.25669608583524
11,LAW,41.0,HARD,SOFT,19.0,3.0,86.55433333333333,85.13499999999999,31.0,26.0,0.07321772639691715,0.05271184497190689,1.4193333333333413,HARD>SOFT,5.0,0.02050588142501026,50.25669608583524
11,LEC,15.0,SOFT,HARD,17.0,3.0,86.06133333333334,84.81533333333334,57.0,52.0,0.08333333333333333,0.11974707042580346,1.2459999999999951,SOFT>HARD,5.0,-0.03641373709247013,50.25669608583524
11,LEC,35.0,HARD,HARD,18.0,3.6666666666666665,86.14866666666666,84.25233333333334,37.0,31.333333333333332,0.15853699759997295,0.12254901960784315,1.8963333333333168,HARD>HARD,5.666666666666668,0.0359879779921298,50.25669608583524
11,LEC,55.0,HARD,SOFT,18.0,6.0,84.753,82.241,17.0,12.0,0.015732683605986772,0.0060975609756097554,2.5120000000000005,HARD>SOFT,5.0,0.009635122630377017,50.25669608583524
11,LIN,19.0,MEDIUM,HARD,18.0,3.0,87.871,86.902,53.0,48.0,0.13474025974025974,0.14023671896504267,0.9689999999999941,MEDIUM>HARD,5.0,-0.005496459224782924,50.25669608583524
11,NOR,16.0,MEDIUM,HARD,15.0,3.0,85.69,84.69133333333333,56.0,51.0,0.0661068044788975,0.06303789552777407,0.998666666666665,MEDIUM>HARD,5.0,0.003068908951123425,50.25669608583524
11,NOR,38.0,HARD,HARD,20.0,3.0,84.568,82.977,34.0,29.0,0.029585798816568046,0.08232931726907632,1.590999999999994,HARD>HARD,5.0,-0.05274351845250827,50.25669608583524
11,NOR,55.0,HARD,SOFT,15.0,6.0,84.17566666666666,83.40499999999999,17.0,12.0,0.16631825107182086,0.20156631659228874,0.7706666666666706,HARD>SOFT,5.0,-0.035248065520467886,50.25669608583524
11,OCO,16.0,MEDIUM,HARD,15.0,3.0,88.74933333333333,87.11200000000001,56.0,51.0,0.05884568516672206,0.1475095785440613,1.6373333333333164,MEDIUM>HARD,5.0,-0.08866389337733924,50.25669608583524
11,OCO,34.0,HARD,HARD,16.0,3.6666666666666665,88.16000000000001,87.28166666666668,38.0,32.333333333333336,0.1360000029186194,0.14505747126436783,0.8783333333333303,HARD>HARD,5.666666666666664,-0.009057468345748415,50.25669608583524
11,PIA,15.0,MEDIUM,HARD,14.0,3.0,85.74966666666667,85.27533333333334,57.0,52.0,0.39814814814814814,0.028901734104046242,0.47433333333333394,MEDIUM>HARD,5.0,0.3692464140441019,50.25669608583524
11,PIA,32.0,HARD,HARD,15.0,3.0,85.803,84.51233333333333,40.0,35.0,0.1533047735618115,0.08051378446115288,1.2906666666666666,HARD>HARD,5.0,0.0727909891006586,50.25669608583524
11,RUS,26.0,MEDIUM,HARD,25.0,3.0,86.42233333333333,84.14133333333334,46.0,41.0,0.08089330900262105,0.007889546351084813,2.2809999999999917,MEDIUM>HARD,5.0,0.07300376265153624,50.25669608583524
11,RUS,53.0,HARD,HARD,25.0,4.0,85.16066666666667,82.63366666666667,19.0,13.0,0.09385391583533997,0.03824996957527078,2.527000000000001,HARD>HARD,6.0,0.0556039462600692,50.25669608583524
11,SAI,17.0,SOFT,MEDIUM,16.0,3.0,88.298,87.04199999999999,55.0,50.0,0.17195454545454547,0.10919540229885057,1.2560000000000144,SOFT>MEDIUM,5.0,0.0627591431556949,50.25669608583524
11,SAI,42.0,MEDIUM,SOFT,23.0,6.0,88.146,86.20033333333333,30.0,25.0,0.13255692518404383,0.0889568490388493,1.9456666666666678,MEDIUM>SOFT,5.0,0.043600076145194525,50.25669608583524
11,SAI,53.0,SOFT,SOFT,12.0,6.0,86.61099999999999,85.367,19.0,14.0,0.10764983772780519,0.12496339918462168,1.2439999999999856,SOFT>SOFT,5.0,-0.017313561456816493,50.25669608583524
11,STR,7.0,SOFT,MEDIUM,6.0,3.0,88.13733333333333,87.145,65.0,60.0,0.4358585858585859,0.04545454545454545,0.9923333333333346,SOFT>MEDIUM,5.0,0.3904040404040404,50.25669608583524
11,STR,36.0,MEDIUM,SOFT,27.0,3.0,87.68599999999999,86.08133333333335,36.0,31.0,0.05308020147229756,0.08681617516756836,1.6046666666666454,MEDIUM>SOFT,5.0,-0.033735973695270795,50.25669608583524
11,VER,13.0,MEDIUM,HARD,12.0,3.0,85.77233333333334,85.31099999999999,59.0,54.0,0.25925925925925924,0.11700866393068855,0.4613333333333429,MEDIUM>HARD,5.0,0.1422505953285707,50.25669608583524
11,VER,40.0,HARD,SOFT,24.333333333333332,6.0,85.79833333333333,84.28566666666667,32.666666666666664,27.0,0.06007751937984496,0.0948271813656429,1.5126666666666608,HARD>SOFT,5.666666666666664,-0.034749661985797944,50.25669608583524
12,ALB,25.0,HARD,HARD,22.0,3.0,79.484,78.54166666666667,47.63888888888889,42.77777777777777,0.13958333333333334,0.13301889327850788,0.9423333333333233,HARD>HARD,4.861111111111121,0.0065644400548254545,33.921474638519115
12,ALB,48.0,HARD,MEDIUM,21.0,4.333333333333333,78.63333333333333,77.24366666666667,25.277777777777782,19.12037037037037,0.08649789029535865,0.0064516129032258064,1.3896666666666562,HARD>MEDIUM,6.157407407407412,0.08004627739213284,33.921474638519115
12,ALO,33.0,SOFT,HARD,30.0,3.0,79.009,78.618,39.86111111111111,35.0,0.0,0.5172022070756247,0.39100000000000534,SOFT>HARD,4.861111111111107,-0.5172022070756247,33.921474638519115
12,ANT,20.0,MEDIUM,HARD,19.0,3.0,77.46233333333333,76.07133333333333,52.5,47.63888888888889,0.0,0.0,1.3910000000000053,MEDIUM>HARD,4.861111111111107,0.0,33.921474638519115
12,ANT,39.0,HARD,HARD,17.0,3.0,76.75466666666667,75.94233333333334,34.02777777777778,29.166666666666668,0.10995853538548035,0.09271523178807946,0.8123333333333278,HARD>HARD,4.861111111111111,0.017243303597400894,33.921474638519115
12,BOR,10.0,SOFT,MEDIUM,10.0,3.0,78.96333333333332,77.94766666666668,62.22222222222223,57.361111111111114,0.9936708860759493,0.23649108479651557,1.0156666666666467,SOFT>MEDIUM,4.861111111111114,0.7571798012794337,33.921474638519115
12,BOR,33.0,MEDIUM,HARD,21.0,3.0,79.01333333333332,77.27566666666667,39.86111111111111,35.0,0.5043264875898186,0.02795698924731183,1.7376666666666551,MEDIUM>HARD,4.861111111111107,0.47636949834250675,33.921474638519115
12,BOT,27.0,HARD,HARD,24.0,5.0,80.79566666666666,78.99900000000001,45.694444444444436,40.833333333333336,0.28703064693402863,0.2985752246658388,1.7966666666666526,HARD>HARD,4.8611111111111,-0.011544577731810168,33.921474638519115
12,COL,20.0,MEDIUM,HARD,17.0,3.0,80.44500000000001,77.72933333333333,52.5,47.63888888888889,0.8923395445134575,0.0,2.715666666666678,MEDIUM>HARD,4.861111111111107,0.8923395445134575,33.921474638519115
12,COL,44.0,HARD,SOFT,22.0,3.0,78.51766666666667,76.63799999999999,29.166666666666668,24.305555555555557,0.012738853503184712,0.1667096700209283,1.8796666666666795,HARD>SOFT,4.861111111111111,-0.15397081651774358,33.921474638519115
12,GAS,17.0,MEDIUM,HARD,17.0,3.0,78.91933333333333,78.67099999999999,55.416666666666664,50.555555555555564,0.0,0.7664812276599747,0.24833333333333485,MEDIUM>HARD,4.8611111111111,-0.7664812276599747,33.921474638519115
12,GAS,45.0,HARD,MEDIUM,26.0,5.0,78.15133333333334,76.51533333333333,28.194444444444443,23.333333333333332,0.23991507430997874,0.7429193899782135,1.63600000000001,HARD>MEDIUM,4.861111111111111,-0.5030043156682348,33.921474638519115
12,HAM,24.0,SOFT,HARD,24.0,3.0,77.678,75.68733333333334,48.61111111111111,43.75,0.0,0.0,1.9906666666666553,SOFT>HARD,4.861111111111107,0.0,33.921474638519115
12,HUL,18.0,SOFT,SOFT,18.0,3.0,78.76466666666666,79.016,54.444444444444436,49.583333333333336,0.30034400279502266,0.9936841546585994,-0.2513333333333492,SOFT>SOFT,4.8611111111111,-0.6933401518635767,33.921474638519115
12,HUL,47.0,SOFT,HARD,27.0,3.0,77.91533333333332,77.86166666666666,26.25,21.38888888888889,0.0,0.20420273286515325,0.05366666666665765,SOFT>HARD,4.861111111111111,-0.20420273286515325,33.921474638519115
12,LAW,20.0,SOFT,MEDIUM,17.0,3.0,78.829,77.42566666666666,52.5,47.63888888888889,0.0,0.2955717318774644,1.403333333333336,SOFT>MEDIUM,4.861111111111107,-0.2955717318774644,33.921474638519115
12,LAW,46.0,MEDIUM,MEDIUM,24.0,3.0,78.10966666666667,76.09733333333334,27.222222222222218,22.361111111111114,0.12952528716859926,0.07359307359307359,2.0123333333333306,MEDIUM>MEDIUM,4.861111111111104,0.05593221357552568,33.921474638519115
12,LEC,20.0,SOFT,MEDIUM,17.0,3.0,77.39966666666668,75.83366666666666,52.5,47.63888888888889,0.0,0.0,1.5660000000000167,SOFT>MEDIUM,4.861111111111107,0.0,33.921474638519115
12,LEC,42.0,MEDIUM,HARD,20.0,3.0,76.84599999999999,75.29133333333334,31.111111111111114,26.25,0.3486404662875251,0.26556291390728476,1.5546666666666482,MEDIUM>HARD,4.861111111111114,0.08307755238024034,33.921474638519115
12,LIN,35.0,MEDIUM,HARD,29.0,3.0,79.31933333333332,78.49966666666667,37.916666666666664,33.055555555555564,0.12916666666666668,0.7898089171974522,0.8196666666666488,MEDIUM>HARD,4.8611111111111,-0.6606422505307855,33.921474638519115
12,NOR,20.0,SOFT,HARD,20.0,3.0,77.59033333333333,76.12633333333333,52.5,47.63888888888889,0.05390344422602487,0.17506593280587088,1.4639999999999986,SOFT>HARD,4.861111111111107,-0.12116248857984602,33.921474638519115
12,NOR,46.0,HARD,HARD,24.0,3.0,76.80966666666666,74.41733333333333,27.222222222222218,22.361111111111114,0.05844155844155844,0.19919584013543745,2.392333333333326,HARD>HARD,4.861111111111104,-0.14075428169387902,33.921474638519115
12,OCO,15.0,SOFT,HARD,15.0,3.0,79.303,79.557,57.361111111111114,52.5,0.5776212085025078,0.5591523556128893,-0.2540000000000049,SOFT>HARD,4.861111111111114,0.018468852889618415,33.921474638519115
12,OCO,35.0,HARD,HARD,18.0,3.0,79.586,78.23,37.916666666666664,33.055555555555564,0.2883198811259297,0.21965271015903928,1.3559999999999945,HARD>HARD,4.8611111111111,0.06866717096689043,33.921474638519115
12,PER,28.0,HARD,HARD,25.0,3.0,80.277,78.17333333333333,44.72222222222223,39.86111111111111,0.18875517598343686,0.0,2.103666666666669,HARD>HARD,4.861111111111121,0.18875517598343686,33.921474638519115
12,PIA,17.0,HARD,HARD,14.0,3.0,77.471,76.31266666666666,55.416666666666664,50.555555555555564,0.0,0.6610480449489738,1.1583333333333456,HARD>HARD,4.8611111111111,-0.6610480449489738,33.921474638519115
12,PIA,43.0,HARD,SOFT,24.0,6.0,77.52799999999999,75.64233333333334,30.13888888888889,25.277777777777782,0.22150537634408604,0.40907110491460436,1.8856666666666513,HARD>SOFT,4.861111111111107,-0.18756572857051831,33.921474638519115
12,RUS,16.0,MEDIUM,HARD,15.0,3.0,77.68966666666667,76.432,56.388888888888886,51.52777777777777,0.012903225806451613,0.0,1.2576666666666654,MEDIUM>HARD,4.861111111111114,0.012903225806451613,33.921474638519115
12,RUS,39.0,HARD,HARD,21.0,3.0,77.02733333333333,75.97866666666667,34.02777777777778,29.166666666666668,0.09898095438892403,0.3189141153537438,1.0486666666666622,HARD>HARD,4.861111111111111,-0.2199331609648198,33.921474638519115
12,SAI,29.0,SOFT,HARD,26.0,3.0,80.10933333333334,79.34966666666666,43.75,38.888888888888886,0.07867494824016563,0.14092709826405478,0.7596666666666749,SOFT>HARD,4.861111111111114,-0.06225215002388915,33.921474638519115
12,STR,14.0,SOFT,HARD,11.0,3.0,79.36166666666666,78.77499999999999,58.333333333333336,53.47222222222222,0.10952004219409284,0.0760031175253299,0.5866666666666731,SOFT>HARD,4.861111111111114,0.03351692466876294,33.921474638519115
12,STR,34.0,HARD,HARD,18.0,3.0,79.83866666666667,78.13866666666667,38.888888888888886,34.02777777777778,0.10524885472474571,0.0,1.7000000000000028,HARD>HARD,4.861111111111107,0.10524885472474571,33.921474638519115
12,TSU,17.0,SOFT,HARD,14.0,3.0,78.93733333333334,78.27866666666667,55.416666666666664,50.555555555555564,0.0,0.008492569002123142,0.6586666666666758,SOFT>HARD,4.8611111111111,-0.008492569002123142,33.921474638519115
12,TSU,42.0,HARD,SOFT,23.0,5.0,77.86233333333332,77.598,31.111111111111114,25.277777777777782,0.0,0.04670912951167728,0.264333333333326,HARD>SOFT,5.833333333333332,-0.04670912951167728,33.921474638519115
