Round,attacker,rival,PitLap,rival_pit_lap,k,gap_s,pair,age_old,tt,rival_age,rival_compound,same_compound,pos_before,rival_pos_before,out_lap,pos_after,rival_pos_after,won,pace_delta_s,step0_s,gain_by_k_s,gain_lap1_s,margin_s,margin_lap1_s,needs_them_out_for,call_ahead,extrapolating
1,ALB,BOR,10,17,7,3.743000000000393,MEDIUM>HARD,9.0,36.20577908669843,9.0,MEDIUM,True,13,12,20,13,9,False,0.16500000000000625,1.1286873641837631,8.26732640042945,1.2630645184965434,4.524326400429057,-2.4799354815038495,4.0,True,False
1,BEA,VER,17,40,23,1.8469999999997526,MEDIUM>HARD,16.0,36.58846188498693,16.0,HARD,False,7,6,43,7,6,False,0.5656666666666581,1.142806571531418,20.75539800279662,1.2559198284721111,18.90839800279687,-0.5910801715276415,2.0,True,False
1,LAW,SAI,10,32,22,3.2710000000006403,MEDIUM>HARD,9.0,36.20577908669843,9.0,SOFT,False,15,14,35,14,15,True,0.5333333333333456,1.1286873641837631,22.385160912473687,1.2630645184965434,19.114160912473046,-2.007935481504097,3.0,True,False
1,LAW,SAI,32,44,12,7.087999999999738,HARD>SOFT,20.0,36.61301838109965,20.0,HARD,True,14,13,48,13,15,True,-1.695999999999998,1.2722150789107571,13.63439215576604,1.3769883465755302,6.546392155766302,-5.711011653424208,6.0,True,False
1,NOR,LIN,10,17,7,0.45899999999983265,MEDIUM>HARD,9.0,36.20577908669843,9.0,MEDIUM,True,7,6,21,5,7,True,0.041666666666671404,1.1286873641837631,8.26732640042945,1.2630645184965434,7.808326400429618,0.8040645184967108,1.0,True,False
1,OCO,NOR,10,33,23,2.373000000000502,MEDIUM>HARD,9.0,36.20577908669843,9.0,MEDIUM,True,8,7,36,10,8,False,-0.08266666666666822,1.1286873641837631,23.272433264653145,1.2630645184965434,20.899433264652643,-1.1099354815039586,2.0,True,False
1,PER,SAI,42,44,2,46.63599999999951,HARD>SOFT,23.0,36.56922236672409,8.0,MEDIUM,False,16,15,48,16,15,False,1.7703333333333262,1.2705992105970128,2.4075755172497257,1.2159385571231984,-44.22842448274979,-45.42006144287632,,False,False
1,RUS,LEC,11,24,13,0.7080000000005384,MEDIUM>HARD,10.0,36.21333150873122,10.0,MEDIUM,True,2,1,27,2,4,True,0.04599999999999227,1.1289660132715584,14.053039619584695,1.260305467959755,13.345039619584156,0.5523054679592165,1.0,True,False
1,SAI,ALB,10,32,22,1.1809999999995853,SOFT>HARD,9.0,36.20577908669843,9.0,MEDIUM,False,14,13,35,15,12,False,-0.005666666666670039,1.1244005996595363,22.29085209294069,1.2587777539723166,21.109852092941104,0.07777775397273134,1.0,True,False
1,SAI,COL,44,45,1,0.6869999999998981,MEDIUM>SOFT,10.0,36.53771580533918,43.0,HARD,False,15,14,48,15,14,False,0.0800000000000125,0.46506879691725617,0.699672099072609,0.699672099072609,0.01267209907271083,0.01267209907271083,1.0,True,False
4,ANT,NOR,25,26,1,2.774000000000342,MEDIUM>HARD,24.0,38.53057167034027,24.0,MEDIUM,True,2,1,29,1,2,True,-0.22133333333334804,1.1115936116023934,1.2346834945411216,1.2346834945411216,-1.5393165054592204,-1.5393165054592204,,False,False
4,BEA,ALB,25,26,1,2.688000000000102,MEDIUM>HARD,24.0,38.53057167034027,24.0,MEDIUM,True,11,10,29,13,12,False,0.2696666666666516,1.1115936116023934,1.2346834945411216,1.2346834945411216,-1.4533165054589803,-1.4533165054589803,,False,False
4,BOT,PER,20,28,8,2.074999999999818,SOFT>MEDIUM,13.0,39.17176563179955,19.0,MEDIUM,False,16,15,32,18,16,False,0.3293333333333237,0.5474840643682627,4.52682951247008,0.7634389649758828,2.451829512470262,-1.3115610350239353,3.0,True,False
4,BOT,STR,29,36,7,2.1469999999999345,MEDIUM>MEDIUM,7.0,38.35043380992113,10.0,SOFT,False,18,17,39,18,17,False,0.5659999999999883,0.8095153830329186,6.899696932477095,1.08555756354106,4.752696932477161,-1.0614424364588746,3.0,True,False
4,HAM,PIA,26,27,1,4.570999999999913,MEDIUM>HARD,25.0,38.45361423264986,25.0,MEDIUM,True,4,3,30,8,7,False,0.050666666666657534,1.1085506066411814,1.2316404895799096,1.2316404895799096,-3.339359510420003,-3.339359510420003,,False,False
4,LEC,ANT,20,25,5,3.6289999999999054,MEDIUM>HARD,19.0,39.17176563179955,19.0,MEDIUM,True,3,2,28,7,2,False,1.0153333333333308,1.1369473196308384,5.719336058575183,1.2633149763464036,2.0903360585752777,-2.365685023653502,4.0,True,False
4,LIN,BOR,27,31,4,5.829999999999927,MEDIUM>HARD,26.0,38.40945789136108,26.0,MEDIUM,True,14,13,34,14,13,False,0.9519999999999982,1.1068046030105603,4.553637847420542,1.2298944859492884,-1.2763621525793853,-4.600105514050639,,False,False
4,RUS,PIA,19,27,8,0.9340000000001965,MEDIUM>HARD,18.0,39.24912708405993,18.0,MEDIUM,True,5,4,30,5,7,True,-0.27299999999999613,1.1400062998944738,8.599499574163037,1.269703509049612,7.6654995741628404,0.3357035090494156,1.0,True,False
4,STR,ALO,20,40,20,3.2200000000002547,MEDIUM>SOFT,19.0,39.17176563179955,19.0,MEDIUM,True,18,17,43,17,16,False,-0.09866666666665935,0.45755931670562955,3.4718063279584404,0.5839269734211946,0.2518063279581857,-2.63607302657906,9.0,True,False
5,BOR,HUL,17,19,2,6.108000000000175,SOFT>MEDIUM,14.0,17.599842423457087,18.0,SOFT,True,15,13,22,16,14,False,-0.42933333333333223,0.7172564530123263,2.013107793694051,1.0420520068450512,-4.094892206306124,-5.065947993155124,,False,False
5,BOT,STR,27,48,21,31.563999999999396,MEDIUM>SOFT,17.0,17.89146388729478,12.0,SOFT,False,19,18,52,16,15,False,1.0296666666666567,0.415357826921843,-0.03352880453857443,0.4459572891532483,-31.59752880453797,-31.118042710846147,,False,False
5,COL,HAD,29,51,22,27.08600000000024,MEDIUM>HARD,28.0,17.91448844446752,32.0,SOFT,False,7,6,54,6,5,False,0.8469999999999942,0.8000799888754881,6.904503571873502,0.9745807177437859,-20.18149642812674,-26.111419282256453,,False,False
6,ALB,LAW,42,43,1,13.386000000000422,MEDIUM>SOFT,41.0,43.366312632868954,41.0,MEDIUM,True,10,9,46,10,8,False,2.049999999999997,1.1129427845289679,1.2506000549108776,1.2506000549108776,-12.135399945089544,-12.135399945089544,,False,False
6,COL,SAI,34,51,17,2.938000000000102,MEDIUM>HARD,33.0,43.418079011989974,33.0,MEDIUM,True,12,11,54,14,10,False,-0.2853333333333268,1.336134953922354,17.792522996266094,1.4737922243042636,14.854522996265992,-1.4642077756958383,3.0,True,False
6,GAS,PIA,44,47,3,9.265999999999622,MEDIUM>HARD,43.0,43.34639476361187,43.0,MEDIUM,True,5,4,50,7,6,False,0.054333333333346445,1.3332230639441502,4.204440432724708,1.47088033432606,-5.061559567274914,-7.795119665673562,,False,False
6,HAM,ANT,27,36,9,9.442999999999302,MEDIUM>HARD,26.0,43.35487785625081,26.0,MEDIUM,True,2,1,39,2,1,False,0.9946666666666601,1.3335676561383685,10.989529209648307,1.4712249265202781,1.5465292096490053,-7.971775073479023,8.0,True,False
6,HUL,SAI,11,51,40,1.4859999999998763,MEDIUM>HARD,10.0,43.22212548846976,10.0,MEDIUM,True,12,11,54,12,10,False,0.6629999999999967,1.3281751145679317,43.0255994887927,1.50551172057047,41.539599488792824,0.019511720570593694,1.0,True,False
6,LEC,ANT,34,36,2,17.777999999999338,MEDIUM>HARD,33.0,43.418079011989974,33.0,MEDIUM,True,2,1,39,3,1,False,0.9656666666666638,1.336134953922354,2.877041148736965,1.4737922243042636,-14.900958851262374,-16.304207775695076,,False,False
6,RUS,HAD,30,31,1,0.6719999999995707,MEDIUM>HARD,29.0,43.38423137498228,29.0,MEDIUM,True,5,4,34,7,8,True,0.025333333333350083,1.334760027111812,1.4724172974937217,1.4724172974937217,0.800417297494151,0.800417297494151,1.0,True,False
7,ALB,BOR,12,14,2,1.8710000000000946,MEDIUM>HARD,11.0,50.55790841360676,11.0,MEDIUM,True,18,17,17,19,18,False,0.1006666666666689,1.5432692564520563,3.451019709861196,1.7457756987098882,1.5800197098611015,-0.12522430129020634,2.0,True,False
7,BEA,LIN,17,21,4,8.908000000000357,MEDIUM>HARD,16.0,50.629566821512874,16.0,MEDIUM,True,9,8,24,17,16,False,0.020999999999986585,1.545818843572567,6.56587607452202,1.7299017914855896,-2.3421239254783366,-7.178098208514767,,False,False
7,BOR,BEA,14,17,3,1.0599999999994907,MEDIUM>HARD,13.0,50.56357763612464,13.0,MEDIUM,True,14,13,20,16,18,True,0.05900000000001171,1.543470965883472,5.072120775320627,1.73860801040338,4.0121207753211365,0.6786080104038894,1.0,True,False
7,BOR,SAI,52,54,2,3.4659999999994398,HARD>SOFT,18.0,50.13541820840996,21.0,HARD,True,15,13,57,14,15,True,0.06900000000000261,1.8118733849829092,3.9658157826389893,2.021597229443594,0.4998157826395495,-1.4444027705558455,2.0,True,False
7,COL,LIN,11,21,10,2.136000000000422,SOFT>HARD,10.0,50.64544235773824,10.0,MEDIUM,False,12,11,24,12,16,True,-0.04233333333334599,1.5343539808257487,15.747336728492591,1.7405451219525425,13.61133672849217,-0.3954548780478795,2.0,True,False
7,COL,GAS,33,38,5,1.0010000000002037,HARD>HARD,20.0,50.17007714210788,18.0,HARD,True,11,10,42,10,9,False,-0.159333333333322,1.9058796875392574,9.584415594838932,2.049532278250413,8.583415594838728,1.0485322782502093,1.0,True,False
7,GAS,LIN,13,21,8,2.2509999999992942,MEDIUM>HARD,12.0,50.55952918929865,12.0,MEDIUM,True,11,10,24,11,16,True,-0.19966666666665844,1.5433269232206885,12.699130512905283,1.7421486666095582,10.448130512905989,-0.508851333389736,2.0,True,False
7,HAD,HAM,14,26,12,5.91399999999976,MEDIUM>HARD,13.0,50.56357763612464,2.0,HARD,False,7,6,29,8,6,False,,1.543470965883472,13.087899917136218,1.1311900139865985,7.173899917136458,-4.782809986013161,6.0,True,False
7,HAD,PIA,31,35,4,20.813999999999396,HARD>HARD,15.0,50.23288604921122,16.0,HARD,True,8,6,38,8,7,False,0.3580000000000041,1.9081144117716722,8.132766050411792,2.1216242854580325,-12.681233949587604,-18.692375714541363,,False,False
7,HAM,RUS,10,11,1,3.1840000000001965,SOFT>HARD,11.0,50.75549885116822,9.0,MEDIUM,False,2,1,14,5,3,False,0.20400000000000773,1.5382697616304983,1.648760062520997,1.648760062520997,-1.5352399374791994,-1.5352399374791994,,False,False
7,HAM,RUS,26,35,9,2.175999999999476,HARD>MEDIUM,14.0,50.369787199608055,13.0,HARD,True,2,1,38,1,3,True,-0.0010000000000189857,2.179529255532392,19.316390718195198,2.3378699765410382,17.14039071819572,0.1618699765415621,1.0,True,False
7,HUL,PIA,12,13,1,10.980999999999767,SOFT>HARD,11.0,50.55790841360676,11.0,MEDIUM,False,8,7,16,12,7,False,0.9636666666666827,1.5312395463429516,1.7337459886007833,1.7337459886007833,-9.247254011398983,-9.247254011398983,,False,False
7,LAW,PIA,10,13,3,8.2800000000002,MEDIUM>HARD,9.0,50.75549885116822,9.0,MEDIUM,True,8,7,16,10,7,False,0.5509999999999877,1.550299471739603,5.181039065744105,1.7601753117353585,-3.0989609342560946,-6.519824688264841,,False,False
7,LAW,VER,34,39,5,36.08599999999933,HARD>HARD,22.0,50.15628370900777,4.0,HARD,True,9,7,42,11,5,False,3.673333333333318,1.9053889208531523,7.0435727560932655,1.438192142170348,-29.042427243906065,-34.64780785782898,,False,False
7,LEC,HAM,38,39,1,10.507000000000517,HARD>HARD,21.0,50.15617116204259,10.0,MEDIUM,False,3,2,43,6,1,False,1.825000000000017,1.905384916462024,1.7878798740820991,1.7878798740820991,-8.719120125918417,-8.719120125918417,,False,False
7,LIN,PIA,21,35,14,15.30199999999968,MEDIUM>HARD,20.0,50.483434285638246,6.0,HARD,False,8,7,42,13,7,False,3.4869999999999948,1.5406194867595926,15.076666447252528,1.220608002121836,-0.22533355274715205,-14.081391997877844,,False,False
7,NOR,ANT,12,13,1,2.06899999999996,MEDIUM>HARD,11.0,50.55790841360676,11.0,MEDIUM,True,3,2,16,5,4,False,-0.26900000000000546,1.5432692564520563,1.7457756987098882,1.7457756987098882,-0.32322430129007174,-0.32322430129007174,,False,False
7,NOR,ANT,34,36,2,4.805000000000291,HARD>HARD,20.0,50.15628370900777,19.0,HARD,True,3,2,39,4,3,False,0.03633333333331734,1.9053889208531523,4.0574500052133216,2.0637296418617983,-0.7475499947869695,-2.7412703581384927,,False,False
7,OCO,SAI,12,13,1,2.4409999999998035,SOFT>HARD,11.0,50.55790841360676,11.0,SOFT,True,15,14,16,16,15,False,0.3303333333333285,1.5312395463429516,1.7337459886007833,1.7337459886007833,-0.7072540113990202,-0.7072540113990202,,False,False
7,PER,ALB,11,12,1,1.8040000000000873,SOFT>HARD,10.0,50.64544235773824,10.0,MEDIUM,False,19,18,15,20,19,False,0.17399999999999238,1.5343539808257487,1.7405451219525425,1.7405451219525425,-0.0634548780475448,-0.0634548780475448,,False,False
7,PIA,LEC,13,15,2,3.1500000000005457,MEDIUM>HARD,12.0,50.55952918929865,12.0,MEDIUM,True,5,4,18,7,6,False,0.11233333333332496,1.5433269232206885,3.440080946791574,1.7421486666095582,0.29008094679102836,-1.4078513333909874,2.0,True,False
7,PIA,LEC,35,38,3,7.90900000000056,HARD>HARD,20.0,50.146538703724886,18.0,HARD,True,6,5,42,7,6,False,-0.20233333333331416,1.9050421961535033,5.947110621670037,2.048694786864659,-1.9618893783305236,-5.860305213135901,,False,False
7,SAI,GAS,13,38,25,2.344000000000051,SOFT>HARD,12.0,50.55952918929865,12.0,MEDIUM,False,13,11,42,12,9,False,0.35233333333333405,1.5312972131115838,31.671306356107177,1.7301189565004536,29.327306356107126,-0.6138810434995974,2.0,True,False
7,SAI,COL,29,33,4,10.890000000000327,HARD>HARD,14.0,50.2882581736411,16.0,HARD,True,13,12,36,14,11,False,0.7580000000000098,1.9100845372518072,8.273093050901531,2.1567060355804677,-2.616906949098796,-8.73329396441986,,False,False
7,VER,NOR,11,12,1,2.2899999999999636,SOFT>MEDIUM,13.0,50.64544235773824,10.0,MEDIUM,False,5,4,15,6,5,False,0.5776666666666728,0.8631169393338198,0.9368109167130572,0.9368109167130572,-1.3531890832869065,-1.3531890832869065,,False,False
7,VER,NOR,28,34,6,8.304999999999382,MEDIUM>HARD,15.0,50.32655241935779,14.0,HARD,False,5,3,37,6,5,False,0.570999999999998,1.5350376716258483,9.386483593324977,1.6933783926344945,1.0814835933255953,-6.611621607364887,6.0,True,False
8,ALB,BEA,17,23,6,2.1790000000000873,MEDIUM>MEDIUM,16.0,50.77927368462618,16.0,MEDIUM,True,15,14,27,16,14,False,-0.13333333333333997,0.31662509087245405,1.9693630079616486,0.44304033722016906,-0.20963699203843866,-1.7359596627799183,,False,False
8,ALB,COL,36,45,9,3.5979999999999563,MEDIUM>HARD,17.0,50.9526231990338,15.0,HARD,False,16,15,48,16,17,True,0.8120000000000118,1.6754885222442786,14.42004806178333,1.7731481309506598,10.822048061783374,-1.8248518690492965,3.0,True,False
8,BEA,BOR,23,43,20,1.2419999999992797,MEDIUM>HARD,22.0,50.85929361862406,5.0,MEDIUM,True,12,11,47,14,11,False,2.3176666666666677,1.671766417028027,26.0725606887031,1.4385377185079078,24.83056068870382,0.1965377185086281,1.0,True,False
8,BOR,HAM,16,23,7,2.143000000000029,SOFT>MEDIUM,15.0,50.745516086486965,3.0,HARD,False,10,9,27,11,7,False,1.733166666666662,0.9907340467441866,4.8834931841141875,0.7234879561680367,2.7404931841141584,-1.4195120438319924,3.0,True,False
8,BOR,LAW,43,44,1,5.1359999999995125,MEDIUM>HARD,25.0,51.02392844678739,23.0,HARD,False,11,10,47,11,9,False,0.7669999999999959,1.6783322683904043,1.7903696959174522,1.7903696959174522,-3.3456303040820603,-3.3456303040820603,,False,False
8,COL,BEA,19,23,4,4.414999999999964,MEDIUM>HARD,18.0,50.80552263008317,18.0,MEDIUM,True,14,12,27,17,14,False,-0.43566666666667686,1.6696219599753714,6.851371256340863,1.7902936346068303,2.436371256340899,-2.6247063653931333,3.0,True,False
8,GAS,OCO,12,17,5,0.5059999999994034,MEDIUM>HARD,11.0,50.51953229821115,11.0,MEDIUM,True,13,12,20,14,18,True,0.0036666666666604897,1.6582162930754996,8.679055899175188,1.7989904687138552,8.173055899175784,1.2929904687144518,1.0,True,False
8,GAS,BOR,37,43,6,9.842999999999847,HARD>MEDIUM,23.0,50.958977986320086,19.0,MEDIUM,False,12,11,46,12,11,False,0.485666666666674,2.345905032938252,13.939643743934582,2.454683304955745,4.0966437439347345,-7.388316695044102,5.0,True,False
8,HAD,NOR,17,20,3,1.8560000000006767,MEDIUM>MEDIUM,16.0,50.77927368462618,16.0,MEDIUM,True,6,5,23,7,8,True,0.327666666666687,0.31662509087245405,1.1912752904703592,0.44304033722016906,-0.6647247095303175,-1.4129596627805077,,False,False
8,HAD,HAM,39,41,2,4.180000000000291,MEDIUM>HARD,20.0,50.96182757958155,15.0,SOFT,False,6,5,44,8,7,False,0.1866666666666532,1.6758556049280187,3.452148156770414,1.7476124723211677,-0.7278518432298768,-2.4323875276791234,,False,False
8,HAM,RUS,11,18,7,2.968000000000302,MEDIUM>HARD,10.0,50.459629302801,10.0,MEDIUM,True,2,1,21,3,2,False,0.34466666666665446,1.6558272836027648,11.993237685487841,1.7994732450992483,9.02523768548754,-1.1685267549010536,2.0,True,False
8,HUL,LEC,20,36,16,13.277000000000044,MEDIUM>MEDIUM,19.0,50.831070109290586,6.0,HARD,False,10,7,39,12,8,False,2.2106666666666825,0.3186907997461053,0.13393409887949592,0.13757939538377126,-13.143065901120547,-13.139420604616273,,False,False
8,LAW,HAD,18,39,21,5.364999999999782,MEDIUM>HARD,17.0,50.79617316047465,17.0,MEDIUM,True,7,6,42,10,8,False,0.3986666666666707,1.6692490909509288,29.743119390935853,1.7927925514405156,24.37811939093607,-3.572207448559266,4.0,True,False
8,LAW,LIN,44,45,1,1.2529999999997017,HARD>MEDIUM,24.0,51.04677206759794,25.0,HARD,True,10,9,48,9,10,True,-0.2990000000000066,2.3494063752398637,2.4614438027669117,2.4614438027669117,1.20844380276721,1.20844380276721,1.0,True,False
8,LEC,ANT,12,23,11,2.270999999999731,MEDIUM>HARD,11.0,50.51953229821115,11.0,MEDIUM,True,5,4,27,3,4,True,0.4826666666666881,1.6582162930754996,18.05181430227629,1.7989904687138552,15.78081430227656,-0.47200953128587564,2.0,True,False
8,LEC,ANT,36,50,14,3.9589999999998327,HARD>HARD,22.0,50.9526231990338,11.0,HARD,True,4,3,54,6,3,False,0.9213333333333367,2.107548061098613,26.412778187436025,2.0898166391182587,22.453778187436193,-1.869183360881574,2.0,True,False
8,NOR,ANT,20,23,3,9.143000000000029,MEDIUM>HARD,19.0,50.831070109290586,19.0,MEDIUM,True,3,2,27,8,4,False,1.0339999999999918,1.670640826718397,5.2019799431532565,1.7884407154917277,-3.9410200568467726,-7.354559284508301,,False,False
8,OCO,BEA,32,44,12,3.220999999999549,MEDIUM>HARD,13.0,50.92911753127737,7.0,HARD,False,15,14,47,15,14,False,0.1703333333333319,1.6745510856011094,18.215785052916598,1.6285458432809807,14.994785052917049,-1.5924541567185682,2.0,True,False
8,PIA,ANT,18,23,5,6.329000000000633,MEDIUM>HARD,17.0,50.79617316047465,17.0,MEDIUM,True,4,3,27,5,4,False,0.38833333333334963,1.6692490909509288,8.476108751912179,1.7927925514405156,2.1471087519115457,-4.536207448560117,4.0,True,False
8,PIA,ANT,41,50,9,8.932999999999993,HARD>HARD,21.0,50.98089502046479,16.0,HARD,True,4,3,54,4,3,False,0.19599999999998374,2.108675578157612,18.103130530334305,2.191919588983273,9.170130530334312,-6.7410804110167195,5.0,True,False
8,VER,RUS,17,18,1,5.367000000000189,MEDIUM>HARD,16.0,50.77927368462618,16.0,MEDIUM,True,2,1,21,4,2,False,-0.17766666666665287,1.6685751178447457,1.7949903641924607,1.7949903641924607,-3.5720096358077287,-3.5720096358077287,,False,False
9,ALB,LAW,22,27,5,154.76800000000003,MEDIUM>SOFT,13.666666666666666,42.28362754131018,21.0,MEDIUM,True,22,7,30,22,8,False,1.0011666666666628,0.6732224573887278,3.775788805123092,0.869709657253827,-150.99221119487694,-153.8982903427462,,False,False
9,ALO,PIA,19,35,16,10.272999999999229,MEDIUM>HARD,18.0,42.38816167194518,16.0,HARD,False,21,19,39,19,15,False,4.178666666666643,1.2835686988103239,17.078265354227625,1.3910492154244638,6.805265354228396,-8.881950784574766,9.0,True,False
9,BOR,LIN,25,26,1,2.6989999999996144,MEDIUM>HARD,24.0,42.145560165972235,24.0,MEDIUM,True,10,9,29,10,9,False,-0.375,1.2740772176308275,1.391766899391257,1.391766899391257,-1.3072331006083573,-1.3072331006083573,,False,False
9,HUL,OCO,16,20,4,2.8029999999998836,MEDIUM>HARD,15.0,42.409895835183086,15.0,MEDIUM,True,15,14,23,15,19,True,-0.5063333333333304,1.2844190208250097,5.391973057366796,1.4185934387941708,2.5889730573669123,-1.3844065612057128,3.0,True,False
9,LAW,HAD,27,37,10,0.8969999999999345,MEDIUM>HARD,26.0,41.91586672864066,7.0,HARD,False,8,7,40,8,7,False,1.3790000000000049,1.2650907485289842,10.28752167609516,1.127592411842977,9.390521676095226,0.23059241184304247,1.0,True,False
9,LIN,LAW,26,27,1,3.661000000000058,MEDIUM>HARD,25.0,42.02933478849646,25.0,MEDIUM,True,9,8,30,9,8,False,-0.10866666666665026,1.2695300447743896,1.387219726534819,1.387219726534819,-2.2737802734652393,-2.2737802734652393,,False,False
9,RUS,VER,33,37,4,0.7509999999992942,HARD>MEDIUM,9.0,41.151167956974014,15.0,HARD,True,4,3,40,5,4,False,-0.16533333333333644,1.8658791821224492,8.377021356188674,2.1648555134996403,7.62602135618938,1.413855513500346,1.0,True,False
9,SAI,COL,19,20,1,3.030000000000655,MEDIUM>HARD,18.0,42.38816167194518,18.0,MEDIUM,True,13,12,24,13,11,False,0.24366666666666958,1.2835686988103239,1.408329760185822,1.408329760185822,-1.6216702398148328,-1.6216702398148328,,False,False
9,STR,PIA,17,35,18,1.5079999999998108,MEDIUM>HARD,16.0,42.42738693844639,14.0,HARD,False,20,19,39,20,15,False,3.660666666666671,1.2851033384130908,19.078438630871347,1.386308283964789,17.570438630871536,-0.12169171603502194,2.0,True,False
9,VER,RUS,16,21,5,0.8209999999999127,MEDIUM>HARD,15.0,42.409895835183086,15.0,MEDIUM,True,5,4,25,4,5,True,-0.08333333333334281,1.2844190208250097,6.622299364287708,1.4185934387941708,5.801299364287796,0.5975934387942581,1.0,True,False
10,ALB,HUL,17,19,2,5.018000000000029,MEDIUM>HARD,16.0,28.82221514524646,16.0,MEDIUM,True,11,10,22,14,11,False,0.9860000000000184,0.5895136129367422,1.4222532230886444,0.737844191829049,-3.5957467769113847,-4.28015580817098,,False,False
10,ALO,BOT,30,31,1,30.528000000000247,SOFT>HARD,10.0,30.359157736431055,28.0,HARD,False,19,18,34,19,18,False,4.277333333333331,0.5675703557498886,0.9249154103904439,0.9249154103904439,-29.603084589609804,-29.603084589609804,,False,False
10,GAS,LAW,13,14,1,1.4429999999993015,MEDIUM>HARD,12.0,28.758227962239896,12.0,MEDIUM,True,9,8,17,14,13,False,-0.4403333333333137,0.5864892580000135,0.7481786270346835,0.7481786270346835,-0.694821372964618,-0.694821372964618,,False,False
10,LAW,LIN,14,15,1,0.7749999999996362,MEDIUM>HARD,13.0,28.78745299798828,13.0,MEDIUM,True,8,7,19,12,11,False,-0.2780000000000058,0.5878705796489541,0.7462202511480333,0.7462202511480333,-0.02877974885160295,-0.02877974885160295,,False,False
10,LIN,NOR,15,29,14,2.7249999999994543,MEDIUM>HARD,14.0,28.802379262024022,14.0,HARD,False,7,6,32,9,7,False,1.4070000000000107,0.5885760696893391,6.334296509337609,0.7435860436528273,3.6092965093381544,-1.981413956346627,5.0,True,False
10,OCO,BEA,15,19,4,8.74499999999989,HARD>HARD,13.0,28.802379262024022,13.0,HARD,True,17,15,22,16,15,False,0.2676666666666705,0.9559422435208006,4.1966712523034335,1.1142919150198798,-4.548328747696457,-7.630708084980011,,False,False
11,ALB,GAS,25,37,12,11.685999999999694,MEDIUM>HARD,24.0,51.820956083905976,8.0,HARD,False,15,14,41,20,13,False,1.8246666666666869,1.6971168983926022,18.352230388240628,1.6369321298805672,6.666230388240933,-10.049067870119128,8.0,True,False
11,ALO,GAS,33,37,4,6.706000000000131,SOFT>MEDIUM,32.0,51.52215652634919,16.0,HARD,False,13,12,41,14,13,False,1.4853333333333438,1.0091271718123274,4.109732145225302,1.0861128167756973,-2.596267854774829,-5.619887183224433,,False,False
11,ANT,NOR,52,55,3,6.139000000000124,HARD>HARD,28.666666666666668,50.911103670356006,12.0,HARD,True,2,1,58,3,1,False,0.9759999999999991,1.9828837921705793,5.944512800954055,2.010844157219371,-0.19448719904606904,-4.128155842780753,,False,False
11,BEA,ALO,21,33,12,5.285999999999149,MEDIUM>HARD,20.0,51.946425639881674,20.0,SOFT,False,14,12,36,18,17,False,0.700333333333333,1.7021589140552118,19.03339222763364,1.7902415173761421,13.747392227634492,-3.495758482623007,4.0,True,False
11,BOR,HAD,28,41,13,14.63299999999981,SOFT>HARD,27.0,51.70224867886033,8.0,HARD,False,9,8,44,10,8,False,1.6149999999999949,1.8216596044128481,21.374689905407653,1.7614748359008132,6.741689905407842,-12.871525164098998,9.0,True,False
11,COL,BOR,14,28,14,1.1990000000005239,MEDIUM>HARD,13.0,51.846294375036265,13.0,SOFT,False,15,14,31,16,14,False,-0.17099999999999227,1.6981351219748027,22.507826974168076,1.802141330365225,21.308826974167552,0.6031413303647011,1.0,True,False
11,GAS,RUS,15,26,11,4.6140000000004875,MEDIUM>HARD,14.0,51.868041615513405,14.0,MEDIUM,True,12,11,29,13,8,False,1.8983333333333405,1.6990090385695622,17.990397629136407,1.8005702561070944,13.37639762913592,-2.8134297438933933,3.0,True,False
11,HAD,ANT,18,21,3,10.240999999999985,MEDIUM>HARD,17.0,51.93403818991219,17.0,MEDIUM,True,3,2,24,8,6,False,1.052666666666667,1.7016611222500184,5.262967568189222,1.7958873672288789,-4.978032431810764,-8.445112632771107,,False,False
11,HAD,LEC,41,55,14,5.373999999999796,HARD>HARD,20.666666666666668,51.16629601834908,4.0,HARD,True,7,6,58,6,5,False,2.776500000000013,1.9931387405168413,24.389669116716117,1.8056889847977322,19.01566911671632,-3.568311015202064,3.0,True,False
11,HAM,VER,12,13,1,0.5309999999999491,SOFT>HARD,11.0,51.872488927106446,11.0,MEDIUM,False,4,3,16,7,6,False,0.05299999999999727,1.8285007380359697,1.937396928132173,1.937396928132173,1.406396928132224,1.406396928132224,1.0,True,False
11,HAM,VER,29,40,11,2.618999999999687,HARD>HARD,15.0,51.65635896717562,14.0,HARD,True,4,3,43,4,5,True,0.3156666666666723,2.0128320043084713,21.29418328280842,2.1009144064409138,18.67518328280873,-0.5180855935587734,2.0,True,False
11,LAW,LEC,20,35,15,3.70299999999952,MEDIUM>HARD,19.0,51.92772325248106,3.0,HARD,False,8,6,40,9,6,False,3.015999999999991,1.7014073554044393,21.389071952546413,1.4772829380804613,17.686071952546893,-2.2257170619190587,3.0,True,False
11,LAW,RUS,41,53,12,20.463999999999942,HARD>SOFT,19.0,51.16629601834908,13.0,HARD,True,9,8,57,10,7,False,0.25849999999999795,2.14993841892392,24.309885447621824,2.195076652559818,3.845885447621882,-18.268923347440122,10.0,True,False
11,LEC,NOR,15,16,1,5.413000000000466,SOFT>HARD,17.0,51.868041615513405,14.0,MEDIUM,False,3,2,19,6,3,False,0.3433333333333337,1.8283220220555534,1.8967817659364872,1.8967817659364872,-3.5162182340639783,-3.5162182340639783,,False,False
11,LEC,VER,35,40,5,4.630999999999403,HARD>HARD,18.0,51.37822882030578,20.0,HARD,True,3,2,43,6,5,False,0.3076666666666483,2.001655296573622,10.04526600874583,2.094690613028718,5.414266008746427,-2.5363093869706854,3.0,True,False
11,NOR,PIA,16,32,16,0.9970000000002983,MEDIUM>HARD,15.0,51.89392453892226,15.0,MEDIUM,True,2,1,35,1,5,True,-0.07066666666668198,1.700049148293445,25.002177226164477,1.7991653749780865,24.00517722616418,0.8021653749777882,1.0,True,False
11,OCO,BOR,16,28,12,1.0830000000005384,MEDIUM>HARD,15.0,51.89392453892226,15.0,SOFT,False,14,13,31,17,14,False,0.8606666666666882,1.700049148293445,19.33971608339982,1.7991653749780865,18.256716083399283,0.7161653749775481,1.0,True,False
11,OCO,COL,34,36,2,2.0709999999999127,HARD>HARD,16.0,51.45326786955407,18.0,HARD,True,17,16,39,19,17,False,0.6046666666666738,2.0046707536594073,4.17835953331018,2.1111846843311044,2.1073595333102677,0.04018468433119171,1.0,True,False
11,RUS,ANT,26,52,26,7.983999999999469,MEDIUM>HARD,25.0,51.774755959177085,3.0,HARD,False,7,6,58,7,3,False,1.920500000000004,1.6952603384431693,36.0694741861287,1.4698818587900655,28.085474186129233,-6.514118141209403,6.0,True,False
11,RUS,LEC,53,55,2,18.770000000000437,HARD>HARD,25.0,50.85574862616624,16.0,HARD,True,7,6,58,7,5,False,0.6690000000000111,1.980659340209792,4.076170116700077,2.0576449851731624,-14.69382988330036,-16.712355014827274,,False,False
11,SAI,BEA,17,21,4,1.7400000000006912,SOFT>MEDIUM,16.0,51.91493060734108,16.0,MEDIUM,False,17,16,24,19,20,True,-0.007000000000005002,1.0249108657357504,4.251609284392517,1.1215821015675012,2.5116092843918256,-0.6184178984331901,2.0,True,False
11,STR,SAI,7,17,10,0.5769999999997708,SOFT>MEDIUM,6.0,52.24690133683515,6.0,SOFT,True,19,18,20,17,20,True,-0.2956666666666621,1.0382511665331908,10.933575578658033,1.1593723108938465,10.356575578658262,0.5823723108940757,1.0,True,False
11,VER,NOR,13,16,3,3.0219999999999345,MEDIUM>HARD,12.0,51.87618523063933,12.0,MEDIUM,True,3,2,19,4,3,False,0.21966666666666868,1.6993362911424743,5.329342800453304,1.8057874903857873,2.3073428004533696,-1.2162125096141472,2.0,True,False
12,ALO,LAW,33,46,13,17.89300000000003,SOFT>HARD,30.0,34.73279704554676,11.0,MEDIUM,False,8,7,49,9,7,False,1.9506666666666632,1.230365813944211,12.246884669300961,1.1780371738000883,-5.646115330699068,-16.71496282619994,,False,False
12,BOR,OCO,10,15,5,0.47999999999956344,SOFT>MEDIUM,10.0,35.37374444334243,10.0,SOFT,True,13,12,18,16,19,True,-0.14633333333333098,0.2680505815940626,1.9340556351936717,0.4584118888505345,1.4540556351941083,-0.02158811114902892,2.0,True,False
12,BOR,GAS,33,45,12,1.1469999999999345,MEDIUM>HARD,21.0,34.73279704554676,14.0,HARD,False,13,12,48,12,11,False,0.1039999999999992,0.962192668406108,8.865857379140559,1.0114874837340995,7.7188573791406245,-0.13551251626583505,2.0,True,False
12,COL,PER,20,28,8,0.6440000000002328,MEDIUM>HARD,17.0,35.61344475800612,17.0,HARD,False,18,17,31,18,19,True,-0.2223333333333386,0.9967842349225347,7.607335661676101,1.1620852755448765,6.963335661675869,0.5180852755446437,1.0,True,False
12,GAS,LAW,17,20,3,7.150000000000546,MEDIUM>HARD,17.0,35.202291749545694,14.0,SOFT,False,8,7,23,11,8,False,0.568333333333328,0.980634273434678,3.092264420108814,1.0808753399711981,-4.057735579891732,-6.069124660029347,,False,False
12,GAS,HUL,45,47,2,15.55699999999888,HARD>MEDIUM,26.0,34.038787629734465,25.0,SOFT,False,9,8,50,11,8,False,0.08866666666665424,1.5500843882472266,3.319170388475645,1.6972788089315514,-12.237829611523235,-13.859721191067328,,False,False
12,HUL,GAS,18,45,27,1.6329999999998108,SOFT>SOFT,18.0,35.317176711670946,18.0,MEDIUM,False,9,8,50,8,11,True,-0.26633333333333553,1.081364620948761,18.075169493481894,1.2430856234805128,16.442169493482083,-0.38991437651929806,2.0,True,False
12,LAW,HAM,20,24,4,7.780000000000655,SOFT>MEDIUM,17.0,35.61344475800612,20.0,SOFT,True,5,4,27,7,6,False,1.0893333333333288,0.27746593493159816,1.4768959480530441,0.47560660682445133,-6.303104051947611,-7.304393393176204,,False,False
12,LEC,NOR,20,46,26,8.260000000000218,SOFT>MEDIUM,17.0,35.61344475800612,20.0,SOFT,True,3,2,49,5,3,False,0.11433333333334872,0.27746593493159816,-2.7549197147111557,0.47560660682445133,-11.014919714711374,-7.784393393175767,,False,False
12,LEC,NOR,42,46,4,10.077000000001135,MEDIUM>HARD,20.0,34.063864281905474,20.0,HARD,False,2,1,49,5,3,False,0.26799999999998647,0.9359171988157835,3.936382021420661,1.0904781251663553,-6.140617978580474,-8.98652187483478,,False,False
12,LIN,TSU,35,42,7,5.568000000000211,MEDIUM>HARD,29.0,34.48484927145002,16.0,HARD,False,11,10,46,14,11,False,1.0533333333333275,0.9524533574433679,6.1079661615092835,1.044358388348181,0.5399661615090725,-4.52364161165203,7.0,True,False
12,NOR,ANT,20,39,19,2.0109999999995125,SOFT>HARD,20.0,35.61344475800612,19.0,MEDIUM,False,2,1,42,1,4,True,0.08833333333332405,1.2649573804606378,17.61459869298464,1.4121518011449625,15.603598692985127,-0.59884819885455,2.0,True,False
12,OCO,ALB,15,25,10,1.0529999999998836,SOFT>HARD,15.0,35.09389058851803,12.0,HARD,False,12,11,28,16,15,False,0.054333333333332234,1.2445494552954846,11.371483125777845,1.3304703694696451,10.318483125777961,0.27747036946976156,1.0,True,False
12,OCO,ALB,35,48,13,1.881999999999607,HARD>HARD,18.0,34.48484927145002,8.0,HARD,True,15,13,51,14,16,True,0.1176666666666506,1.3204431762364353,13.051412632297579,1.175796646217365,11.169412632297972,-0.7062033537822421,2.0,True,False
12,PIA,NOR,17,20,3,4.820999999999913,HARD>HARD,14.0,35.202291749545694,17.0,SOFT,False,3,2,23,5,3,False,0.1876666666666722,1.3486240922277455,4.586593721002946,1.589725221207679,-0.23440627899696675,-3.231274778792234,,False,False
12,RUS,PIA,16,17,1,1.9780000000000655,MEDIUM>HARD,15.0,35.11672207637501,13.0,HARD,False,4,3,20,6,7,True,0.32533333333333303,0.9772731234545046,1.095620809929042,1.095620809929042,-0.8823791900710234,-0.8823791900710234,,False,False
12,RUS,NOR,39,46,7,7.925000000000182,HARD>HARD,21.0,34.16287921639916,17.0,HARD,True,3,2,49,4,3,False,-0.07233333333333292,1.3077962932456353,8.681058071901546,1.4221510826594486,0.7560580719013643,-6.502848917340733,7.0,True,False
12,SAI,LIN,29,35,6,0.09600000000045839,SOFT>HARD,26.0,35.33367943955105,23.0,MEDIUM,False,11,10,38,15,16,True,-0.3200000000000216,1.253968286313897,7.34776856298927,1.4011627069982215,7.251768562988811,1.3051627069977632,1.0,True,False
12,STR,ALO,14,33,19,1.5170000000007349,SOFT>HARD,11.0,35.14808635193259,11.0,SOFT,True,14,13,37,18,12,False,0.35633333333333894,1.2466782479199812,20.79942428234134,1.433459517085863,19.282424282340607,-0.08354048291487182,2.0,True,False
12,STR,OCO,34,35,1,6.385000000000218,HARD>HARD,18.0,34.60193549422162,17.0,HARD,True,16,15,38,18,17,False,1.1183333333333394,1.3250422864207452,1.4722367071050697,1.4722367071050697,-4.912763292895148,-4.912763292895148,,False,False
12,TSU,HUL,17,18,1,2.391000000000531,SOFT>HARD,14.0,35.202291749545694,17.0,SOFT,True,10,9,21,14,13,False,0.17300000000000182,1.2488074189727811,1.4899085479527145,1.4899085479527145,-0.9010914520478166,-0.9010914520478166,,False,False
12,TSU,HUL,42,47,5,7.791999999999462,HARD>SOFT,23.0,34.063864281905474,22.0,SOFT,False,9,8,50,10,8,False,0.04966666666666697,1.1822724209808848,5.929262295357375,1.3294668416652096,-1.862737704642087,-6.462533158334252,,False,False
