Round,Event,Driver,PitLap,age_old,race_laps,open_lap,close_lap,width,has_window,inside,laps_outside
1,,ALB,10,9.0,58.0,2.0,31.0,30.0,True,True,0.0
1,,ALB,32,19.0,58.0,14.0,36.0,23.0,True,True,0.0
1,,BEA,17,16.0,58.0,2.0,28.0,27.0,True,True,0.0
1,,BOR,17,16.0,58.0,2.0,32.0,31.0,True,True,0.0
1,,BOR,32,13.0,58.0,20.0,40.0,21.0,True,True,0.0
1,,COL,45,44.0,58.0,2.0,31.0,30.0,True,False,14.0
1,,GAS,10,9.0,58.0,2.0,39.0,38.0,True,True,0.0
1,,HAM,27,26.0,58.0,2.0,33.0,32.0,True,True,0.0
1,,LAW,10,9.0,58.0,2.0,27.0,26.0,True,True,0.0
1,,LAW,32,20.0,58.0,13.0,31.0,19.0,True,False,1.0
1,,LEC,24,23.0,58.0,2.0,33.0,32.0,True,True,0.0
1,,LIN,17,16.0,58.0,2.0,32.0,31.0,True,True,0.0
1,,NOR,10,9.0,58.0,2.0,41.0,40.0,True,True,0.0
1,,NOR,33,21.0,58.0,13.0,41.0,29.0,True,True,0.0
1,,OCO,10,9.0,58.0,2.0,31.0,30.0,True,True,0.0
1,,PER,17,16.0,58.0,2.0,33.0,32.0,True,True,0.0
1,,PER,42,23.0,58.0,20.0,36.0,17.0,True,False,6.0
1,,RUS,11,10.0,58.0,2.0,40.0,39.0,True,True,0.0
1,,SAI,10,9.0,58.0,2.0,33.0,32.0,True,True,0.0
1,,SAI,32,20.0,58.0,13.0,43.0,31.0,True,True,0.0
1,,SAI,44,10.0,58.0,35.0,35.0,1.0,True,False,9.0
1,,STR,10,9.0,58.0,2.0,33.0,32.0,True,True,0.0
1,,STR,25,13.0,58.0,13.0,36.0,24.0,True,True,0.0
1,,VER,17,16.0,58.0,2.0,44.0,43.0,True,True,0.0
1,,VER,40,21.0,58.0,20.0,34.0,15.0,True,False,6.0
2,,COL,31,30.0,56.0,2.0,19.0,18.0,True,False,12.0
2,,HUL,34,32.333333333333336,56.0,3.0,16.0,14.0,True,False,18.0
2,,LIN,41,40.0,56.0,2.0,14.0,13.0,True,False,27.0
2,,OCO,45,,,,,,False,False,
3,,COL,16,15.0,53.0,2.0,13.0,12.0,True,False,3.0
3,,LEC,16,15.0,53.0,2.0,15.0,14.0,True,False,1.0
3,,LIN,17,16.0,53.0,2.0,8.0,7.0,True,False,9.0
3,,NOR,15,14.0,53.0,2.0,17.0,16.0,True,True,0.0
3,,PIA,17,16.0,53.0,2.0,9.0,8.0,True,False,8.0
4,,ALB,26,25.0,57.0,2.0,29.0,28.0,True,True,0.0
4,,ALO,40,39.0,57.0,2.0,2.0,1.0,True,False,38.0
4,,ANT,25,24.0,57.0,2.0,20.0,19.0,True,False,5.0
4,,BEA,25,24.0,57.0,2.0,26.0,25.0,True,True,0.0
4,,BOR,31,30.0,57.0,2.0,30.0,29.0,True,False,1.0
4,,BOT,20,13.0,57.0,8.0,9.0,2.0,True,False,11.0
4,,BOT,29,7.0,57.0,23.0,27.0,5.0,True,False,2.0
4,,COL,30,29.0,57.0,2.0,30.0,29.0,True,True,0.0
4,,HAM,26,25.0,57.0,2.0,31.0,30.0,True,True,0.0
4,,LEC,20,19.0,57.0,2.0,12.0,11.0,True,False,8.0
4,,LIN,27,26.0,57.0,2.0,29.0,28.0,True,True,0.0
4,,NOR,26,25.0,57.0,2.0,16.0,15.0,True,False,10.0
4,,OCO,30,29.0,57.0,2.0,31.0,30.0,True,True,0.0
4,,PER,28,27.0,57.0,2.0,30.0,29.0,True,True,0.0
4,,PIA,27,26.0,57.0,2.0,22.0,21.0,True,False,5.0
4,,RUS,19,18.0,57.0,2.0,22.0,21.0,True,True,0.0
4,,SAI,27,26.0,57.0,2.0,32.0,31.0,True,True,0.0
4,,STR,20,19.0,57.0,2.0,3.0,2.0,True,False,17.0
4,,STR,36,17.0,57.0,20.0,28.0,9.0,True,False,8.0
5,,ANT,29,32.0,68.0,11.0,18.0,8.0,True,False,11.0
5,,BEA,28,,,,,,False,False,
5,,BOR,17,,,,,,False,False,
5,,BOT,27,17.0,68.0,11.0,13.0,3.0,True,False,14.0
5,,BOT,48,17.666666666666668,68.0,31.0,35.0,5.0,True,False,13.0
5,,COL,29,28.0,68.0,11.0,11.0,1.0,True,False,18.0
5,,HAD,29,,,,,,False,False,
5,,HAD,51,19.0,68.0,33.0,33.0,1.0,True,False,18.0
5,,HAD,60,,,,,,False,False,
5,,HAM,29,,,,,,False,False,
5,,HUL,19,19.333333333333332,68.0,11.0,13.0,3.0,True,False,6.0
5,,LEC,29,,,,,,False,False,
5,,OCO,15,12.0,68.0,11.0,14.0,4.0,True,False,1.0
5,,OCO,28,11.0,68.0,18.0,18.0,1.0,True,False,10.0
5,,PER,14,9.666666666666666,68.0,11.0,12.0,2.0,True,False,2.0
5,,PER,28,,,,,,False,False,
5,,PIA,11,,,,,,False,False,
5,,PIA,50,41.0,68.0,11.0,12.0,2.0,True,False,38.0
5,,SAI,28,,,,,,False,False,
5,,STR,48,33.0,68.0,16.0,22.0,7.0,True,False,26.0
5,,VER,29,,,,,,False,False,
6,,ALB,42,41.0,78.0,28.0,41.0,14.0,True,False,1.0
6,,ANT,36,35.0,78.0,28.0,53.0,26.0,True,True,0.0
6,,BOR,42,40.0,78.0,28.0,63.0,36.0,True,True,0.0
6,,COL,34,33.0,78.0,28.0,53.0,26.0,True,True,0.0
6,,GAS,44,43.0,78.0,28.0,53.0,26.0,True,True,0.0
6,,HAD,31,30.0,78.0,28.0,53.0,26.0,True,True,0.0
6,,HAM,27,26.0,78.0,28.0,53.0,26.0,True,False,1.0
6,,HUL,11,10.0,78.0,28.0,53.0,26.0,True,False,17.0
6,,LAW,43,42.0,78.0,28.0,41.0,14.0,True,False,2.0
6,,LEC,34,33.0,78.0,28.0,53.0,26.0,True,True,0.0
6,,OCO,8,7.0,78.0,28.0,53.0,26.0,True,False,20.0
6,,PIA,47,46.0,78.0,28.0,53.0,26.0,True,True,0.0
6,,RUS,30,29.0,78.0,28.0,53.0,26.0,True,True,0.0
6,,SAI,51,50.0,78.0,28.0,41.0,14.0,True,False,10.0
7,,ALB,12,11.0,66.0,9.0,44.0,36.0,True,True,0.0
7,,ALO,20,19.0,66.0,9.0,53.0,45.0,True,True,0.0
7,,ANT,13,12.0,66.0,9.0,45.0,37.0,True,True,0.0
7,,ANT,36,21.0,66.0,16.0,53.0,38.0,True,True,0.0
7,,BEA,17,16.0,66.0,9.0,36.0,28.0,True,True,0.0
7,,BOR,14,13.0,66.0,9.0,49.0,41.0,True,True,0.0
7,,BOR,32,16.0,66.0,17.0,53.0,37.0,True,True,0.0
7,,BOR,52,18.0,66.0,35.0,50.0,16.0,True,False,2.0
7,,COL,11,10.0,66.0,9.0,47.0,39.0,True,True,0.0
7,,COL,33,20.0,66.0,14.0,51.0,38.0,True,True,0.0
7,,GAS,13,12.0,66.0,9.0,49.0,41.0,True,True,0.0
7,,GAS,38,23.0,66.0,16.0,51.0,36.0,True,True,0.0
7,,HAD,14,13.0,66.0,9.0,47.0,39.0,True,True,0.0
7,,HAD,31,15.0,66.0,17.0,51.0,35.0,True,True,0.0
7,,HAM,10,11.0,66.0,9.0,43.0,35.0,True,True,0.0
7,,HAM,26,14.0,66.0,13.0,53.0,41.0,True,True,0.0
7,,HAM,39,11.0,66.0,29.0,46.0,18.0,True,True,0.0
7,,HUL,12,11.0,66.0,9.0,47.0,39.0,True,True,0.0
7,,LAW,10,9.0,66.0,9.0,45.0,37.0,True,True,0.0
7,,LAW,34,22.0,66.0,13.0,51.0,39.0,True,True,0.0
7,,LEC,15,14.0,66.0,9.0,45.0,37.0,True,True,0.0
7,,LEC,38,21.0,66.0,18.0,50.0,33.0,True,True,0.0
7,,LIN,21,20.0,66.0,9.0,39.0,31.0,True,True,0.0
7,,NOR,12,11.0,66.0,9.0,39.0,31.0,True,True,0.0
7,,NOR,34,20.0,66.0,15.0,50.0,36.0,True,True,0.0
7,,OCO,12,11.0,66.0,9.0,42.0,34.0,True,True,0.0
7,,OCO,33,19.0,66.0,15.0,54.0,40.0,True,True,0.0
7,,PER,11,10.0,66.0,9.0,42.0,34.0,True,True,0.0
7,,PER,30,17.0,66.0,14.0,51.0,38.0,True,True,0.0
7,,PER,37,5.0,66.0,33.0,54.0,22.0,True,True,0.0
7,,PIA,13,12.0,66.0,9.0,44.0,36.0,True,True,0.0
7,,PIA,35,20.0,66.0,16.0,52.0,37.0,True,True,0.0
7,,RUS,11,10.0,66.0,9.0,45.0,37.0,True,True,0.0
7,,RUS,35,22.0,66.0,14.0,49.0,36.0,True,True,0.0
7,,SAI,13,12.0,66.0,9.0,45.0,37.0,True,True,0.0
7,,SAI,29,14.0,66.0,16.0,50.0,35.0,True,True,0.0
7,,SAI,54,23.0,66.0,32.0,53.0,22.0,True,False,1.0
7,,VER,11,13.0,66.0,9.0,12.0,4.0,True,True,0.0
7,,VER,28,15.0,66.0,14.0,45.0,32.0,True,True,0.0
7,,VER,39,9.0,66.0,31.0,53.0,23.0,True,True,0.0
8,,ALB,17,,,,,,False,False,
8,,ALB,36,17.0,71.0,20.0,56.0,37.0,True,True,0.0
8,,ALO,22,21.0,71.0,14.0,47.0,34.0,True,True,0.0
8,,ALO,48,23.0,71.0,26.0,43.0,18.0,True,False,5.0
8,,ANT,23,22.0,71.0,14.0,49.0,36.0,True,True,0.0
8,,ANT,50,25.0,71.0,26.0,60.0,35.0,True,True,0.0
8,,BEA,23,22.0,71.0,14.0,57.0,44.0,True,True,0.0
8,,BEA,44,19.0,71.0,26.0,61.0,36.0,True,True,0.0
8,,BOR,16,15.0,71.0,14.0,25.0,12.0,True,True,0.0
8,,BOR,43,25.0,71.0,19.0,58.0,40.0,True,True,0.0
8,,COL,19,18.0,71.0,14.0,56.0,43.0,True,True,0.0
8,,COL,45,24.0,71.0,22.0,61.0,40.0,True,True,0.0
8,,GAS,12,11.0,71.0,14.0,60.0,47.0,True,False,2.0
8,,GAS,37,23.0,71.0,15.0,60.0,46.0,True,True,0.0
8,,GAS,50,11.0,71.0,40.0,44.0,5.0,True,False,6.0
8,,HAD,17,,,,,,False,False,
8,,HAD,39,20.0,71.0,20.0,54.0,35.0,True,True,0.0
8,,HAM,11,10.0,71.0,14.0,55.0,42.0,True,False,3.0
8,,HAM,23,10.0,71.0,14.0,56.0,43.0,True,True,0.0
8,,HAM,41,17.0,71.0,25.0,59.0,35.0,True,True,0.0
8,,HUL,20,,,,,,False,False,
8,,HUL,44,22.0,71.0,23.0,57.0,35.0,True,True,0.0
8,,LAW,18,17.0,71.0,14.0,52.0,39.0,True,True,0.0
8,,LAW,44,24.0,71.0,21.0,62.0,42.0,True,True,0.0
8,,LEC,12,11.0,71.0,14.0,56.0,43.0,True,False,2.0
8,,LEC,36,22.0,71.0,15.0,60.0,46.0,True,True,0.0
8,,LEC,58,20.0,71.0,39.0,59.0,21.0,True,True,0.0
8,,LIN,17,16.0,71.0,14.0,54.0,41.0,True,True,0.0
8,,LIN,45,26.0,71.0,20.0,60.0,41.0,True,True,0.0
8,,NOR,20,19.0,71.0,14.0,57.0,44.0,True,True,0.0
8,,NOR,46,24.0,71.0,23.0,60.0,38.0,True,True,0.0
8,,OCO,17,,,,,,False,False,
8,,OCO,32,13.0,71.0,20.0,57.0,38.0,True,True,0.0
8,,PIA,18,17.0,71.0,14.0,57.0,44.0,True,True,0.0
8,,PIA,41,21.0,71.0,21.0,59.0,39.0,True,True,0.0
8,,RUS,18,17.0,71.0,14.0,56.0,43.0,True,True,0.0
8,,RUS,42,22.0,71.0,21.0,60.0,40.0,True,True,0.0
8,,SAI,13,12.0,71.0,14.0,54.0,41.0,True,False,1.0
8,,STR,22,21.0,71.0,14.0,47.0,34.0,True,True,0.0
8,,VER,17,16.0,71.0,14.0,52.0,39.0,True,True,0.0
8,,VER,48,29.0,71.0,20.0,60.0,41.0,True,True,0.0
9,,ALB,13,11.0,47.0,3.0,35.0,33.0,True,True,0.0
9,,ALB,22,13.666666666666666,47.0,9.0,14.0,6.0,True,False,8.0
9,,ALO,19,18.0,47.0,2.0,30.0,29.0,True,True,0.0
9,,BEA,28,27.0,47.0,2.0,24.0,23.0,True,False,4.0
9,,BOR,25,24.0,47.0,2.0,12.0,11.0,True,False,13.0
9,,BOT,28,27.0,47.0,2.0,26.0,25.0,True,False,2.0
9,,COL,20,19.0,47.0,2.0,22.0,21.0,True,True,0.0
9,,HAD,37,17.0,47.0,21.0,35.0,15.0,True,False,2.0
9,,HAM,21,20.0,47.0,2.0,11.0,10.0,True,False,10.0
9,,HUL,16,15.0,47.0,2.0,20.0,19.0,True,True,0.0
9,,LAW,27,26.0,47.0,2.0,26.0,25.0,True,False,1.0
9,,LEC,24,22.666666666666668,47.0,2.0,25.0,24.0,True,True,0.0
9,,LIN,26,25.0,47.0,2.0,23.0,22.0,True,False,3.0
9,,NOR,27,26.0,47.0,2.0,20.0,19.0,True,False,7.0
9,,NOR,37,8.0,47.0,30.0,35.0,6.0,True,False,2.0
9,,OCO,20,19.0,47.0,2.0,11.0,10.0,True,False,9.0
9,,PER,20,19.0,47.0,2.0,16.0,15.0,True,False,4.0
9,,PIA,35,32.0,47.0,4.0,33.0,30.0,True,False,2.0
9,,RUS,21,20.0,47.0,2.0,23.0,22.0,True,True,0.0
9,,RUS,33,9.0,47.0,25.0,37.0,13.0,True,True,0.0
9,,SAI,19,18.0,47.0,2.0,22.0,21.0,True,True,0.0
9,,STR,17,16.0,47.0,2.0,21.0,20.0,True,True,0.0
9,,VER,16,15.0,47.0,2.0,33.0,32.0,True,True,0.0
9,,VER,37,19.0,47.0,19.0,34.0,16.0,True,False,3.0
10,,ALB,17,16.0,44.0,2.0,8.0,7.0,True,False,9.0
10,,ALO,30,,,,,,False,False,
10,,BEA,19,16.333333333333332,44.0,4.0,22.0,19.0,True,True,0.0
10,,BOR,19,17.333333333333332,44.0,3.0,11.0,9.0,True,False,8.0
10,,BOT,31,29.0,44.0,3.0,13.0,11.0,True,False,18.0
10,,COL,14,13.0,44.0,2.0,10.0,9.0,True,False,4.0
10,,GAS,13,12.0,44.0,2.0,9.0,8.0,True,False,4.0
10,,HAD,19,15.333333333333334,44.0,5.0,17.0,13.0,True,False,2.0
10,,HAM,19,17.333333333333332,44.0,3.0,10.0,8.0,True,False,9.0
10,,HUL,19,17.333333333333332,44.0,3.0,3.0,1.0,True,False,16.0
10,,LAW,14,13.0,44.0,2.0,10.0,9.0,True,False,4.0
10,,LEC,19,17.333333333333332,44.0,3.0,10.0,8.0,True,False,9.0
10,,LIN,15,14.0,44.0,2.0,8.0,7.0,True,False,7.0
10,,NOR,29,28.0,44.0,2.0,25.0,24.0,True,False,4.0
10,,OCO,15,13.0,44.0,3.0,16.0,14.0,True,True,0.0
10,,PIA,19,17.333333333333332,44.0,3.0,7.0,5.0,True,False,12.0
10,,SAI,13,12.0,44.0,2.0,8.0,7.0,True,False,5.0
10,,VER,16,15.0,44.0,2.0,9.0,8.0,True,False,7.0
11,,ALB,25,24.0,70.0,13.0,55.0,43.0,True,True,0.0
11,,ALB,53,26.0,70.0,28.0,58.0,31.0,True,True,0.0
11,,ALO,33,32.0,70.0,13.0,38.0,26.0,True,True,0.0
11,,ALO,54,19.0,70.0,36.0,42.0,7.0,True,False,12.0
11,,ANT,21,20.0,70.0,13.0,55.0,43.0,True,True,0.0
11,,ANT,52,28.666666666666668,70.0,24.0,58.0,35.0,True,True,0.0
11,,BEA,21,20.0,70.0,13.0,55.0,43.0,True,True,0.0
11,,BEA,41,18.0,70.0,24.0,58.0,35.0,True,True,0.0
11,,BOR,28,27.0,70.0,13.0,56.0,44.0,True,True,0.0
11,,COL,14,13.0,70.0,13.0,56.0,44.0,True,True,0.0
11,,COL,36,20.0,70.0,17.0,58.0,42.0,True,True,0.0
11,,GAS,15,14.0,70.0,13.0,54.0,42.0,True,True,0.0
11,,GAS,37,20.0,70.0,18.0,57.0,40.0,True,True,0.0
11,,GAS,54,14.0,70.0,41.0,59.0,19.0,True,True,0.0
11,,HAD,18,17.0,70.0,13.0,55.0,43.0,True,True,0.0
11,,HAD,41,20.666666666666668,70.0,21.0,58.0,38.0,True,True,0.0
11,,HAM,12,11.0,70.0,13.0,56.0,44.0,True,False,1.0
11,,HAM,29,15.0,70.0,15.0,58.0,44.0,True,True,0.0
11,,HAM,55,24.0,70.0,32.0,59.0,28.0,True,True,0.0
11,,HUL,18,17.0,70.0,13.0,55.0,43.0,True,True,0.0
11,,HUL,37,17.0,70.0,21.0,59.0,39.0,True,True,0.0
11,,LAW,20,19.0,70.0,13.0,55.0,43.0,True,True,0.0
11,,LAW,41,19.0,70.0,23.0,59.0,37.0,True,True,0.0
11,,LEC,15,17.0,70.0,13.0,56.0,44.0,True,True,0.0
11,,LEC,35,18.0,70.0,18.0,58.0,41.0,True,True,0.0
11,,LEC,55,18.0,70.0,38.0,59.0,22.0,True,True,0.0
11,,LIN,19,18.0,70.0,13.0,55.0,43.0,True,True,0.0
11,,NOR,16,15.0,70.0,13.0,55.0,43.0,True,True,0.0
11,,NOR,38,20.0,70.0,19.0,57.0,39.0,True,True,0.0
11,,NOR,55,15.0,70.0,41.0,59.0,19.0,True,True,0.0
11,,OCO,16,15.0,70.0,13.0,54.0,42.0,True,True,0.0
11,,OCO,34,16.0,70.0,19.0,58.0,40.0,True,True,0.0
11,,PIA,15,14.0,70.0,13.0,57.0,45.0,True,True,0.0
11,,PIA,32,15.0,70.0,18.0,58.0,41.0,True,True,0.0
11,,RUS,26,25.0,70.0,13.0,55.0,43.0,True,True,0.0
11,,RUS,53,25.0,70.0,29.0,58.0,30.0,True,True,0.0
11,,SAI,17,16.0,70.0,13.0,41.0,29.0,True,True,0.0
11,,SAI,42,23.0,70.0,20.0,38.0,19.0,True,False,4.0
11,,SAI,53,12.0,70.0,42.0,55.0,14.0,True,True,0.0
11,,STR,7,6.0,70.0,13.0,47.0,35.0,True,False,6.0
11,,STR,36,27.0,70.0,13.0,35.0,23.0,True,False,1.0
11,,VER,13,12.0,70.0,13.0,56.0,44.0,True,True,0.0
11,,VER,40,24.333333333333332,70.0,17.0,59.0,43.0,True,True,0.0
12,,ALB,25,22.0,72.0,15.0,48.0,34.0,True,True,0.0
12,,ALB,48,21.0,72.0,28.0,56.0,29.0,True,True,0.0
12,,ALO,33,30.0,72.0,15.0,26.0,12.0,True,False,7.0
12,,ANT,20,19.0,72.0,15.0,20.0,6.0,True,True,0.0
12,,ANT,39,17.0,72.0,23.0,48.0,26.0,True,True,0.0
12,,BOR,10,,,,,,False,False,
12,,BOR,33,21.0,72.0,15.0,39.0,25.0,True,True,0.0
12,,BOT,27,24.0,72.0,15.0,48.0,34.0,True,True,0.0
12,,COL,20,17.0,72.0,15.0,48.0,34.0,True,True,0.0
12,,COL,44,22.0,72.0,23.0,40.0,18.0,True,False,4.0
12,,GAS,17,,,,,,False,False,
12,,GAS,45,26.0,72.0,20.0,51.0,32.0,True,True,0.0
12,,HAM,24,24.0,72.0,15.0,44.0,30.0,True,True,0.0
12,,HUL,18,,,,,,False,False,
12,,HUL,47,27.0,72.0,21.0,40.0,20.0,True,False,7.0
12,,LAW,20,,,,,,False,False,
12,,LAW,46,,,,,,False,False,
12,,LEC,20,,,,,,False,False,
12,,LEC,42,20.0,72.0,23.0,36.0,14.0,True,False,6.0
12,,LIN,35,29.0,72.0,15.0,16.0,2.0,True,False,19.0
12,,NOR,20,20.0,72.0,15.0,41.0,27.0,True,True,0.0
12,,NOR,46,24.0,72.0,23.0,46.0,24.0,True,True,0.0
12,,OCO,15,15.0,72.0,15.0,44.0,30.0,True,True,0.0
12,,OCO,35,18.0,72.0,18.0,49.0,32.0,True,True,0.0
12,,PER,28,25.0,72.0,15.0,51.0,37.0,True,True,0.0
12,,PIA,17,14.0,72.0,15.0,30.0,16.0,True,True,0.0
12,,PIA,43,24.0,72.0,20.0,39.0,20.0,True,False,4.0
12,,RUS,16,15.0,72.0,15.0,20.0,6.0,True,True,0.0
12,,RUS,39,21.0,72.0,19.0,44.0,26.0,True,True,0.0
12,,SAI,29,26.0,72.0,15.0,43.0,29.0,True,True,0.0
12,,STR,14,11.0,72.0,15.0,45.0,31.0,True,False,1.0
12,,STR,34,18.0,72.0,17.0,50.0,34.0,True,True,0.0
12,,TSU,17,14.0,72.0,15.0,44.0,30.0,True,True,0.0
12,,TSU,42,23.0,72.0,20.0,42.0,23.0,True,True,0.0
